create database pa01;
create schema hospital;
create table doctors(id serial primary key, first_name varchar, last_name varchar,specialty varchar,department_id int references departments(id));
create table departments(id serial primary key, name_department varchar);
create table patients(id serial primary key, first_name varchar, last_name varchar, phone varchar, birth_date varchar);
create table appointments(id serial primary key, doctor_id int references doctors(id),
patient_id int references patients(id), appoint_date date, status varchar);
create table diagnoses(id serial primary key, appoint_id int references appointments(id), diagnosis_name varchar);
-- дані згенеровані за допомогою https://fabricate.tonic.ai/
INSERT INTO "appointments" ("id", "doctor_id", "patient_id", "appoint_date", "status") VALUES
(1, 43, 431, '2025-06-19', 'Completed'),
(2, 1, 451, '2025-06-19', 'Completed'),
(3, 1, 331, '2025-06-20', 'Completed'),
(4, 4, 412, '2025-06-22', 'Cancelled'),
(5, 12, 54, '2025-06-23', 'Completed'),
(6, 8, 268, '2025-06-25', 'Completed'),
(7, 48, 281, '2025-06-25', 'No-show'),
(8, 9, 1, '2025-06-25', 'Completed'),
(9, 6, 470, '2025-06-28', 'Completed'),
(10, 8, 144, '2025-06-29', 'Completed'),
(11, 43, 114, '2025-06-29', 'Completed'),
(12, 5, 67, '2025-06-29', 'Completed'),
(13, 31, 79, '2025-07-02', 'No-show'),
(14, 14, 28, '2025-07-04', 'Cancelled'),
(15, 15, 104, '2025-07-05', 'Completed'),
(16, 19, 82, '2025-07-06', 'Completed'),
(17, 15, 464, '2025-07-06', 'Completed'),
(18, 50, 132, '2025-07-07', 'Completed'),
(19, 46, 306, '2025-07-08', 'Cancelled'),
(20, 43, 11, '2025-07-08', 'Cancelled'),
(21, 34, 121, '2025-07-08', 'Completed'),
(22, 8, 397, '2025-07-10', 'No-show'),
(23, 29, 180, '2025-07-11', 'No-show'),
(24, 28, 419, '2025-07-11', 'Completed'),
(25, 1, 190, '2025-07-12', 'Completed'),
(26, 36, 35, '2025-07-15', 'Completed'),
(27, 47, 446, '2025-07-15', 'Completed'),
(28, 46, 257, '2025-07-15', 'Completed'),
(29, 49, 480, '2025-07-19', 'Cancelled'),
(30, 6, 473, '2025-07-22', 'Completed'),
(31, 29, 116, '2025-07-22', 'Completed'),
(32, 41, 452, '2025-07-24', 'Completed'),
(33, 24, 267, '2025-07-26', 'Completed'),
(34, 3, 397, '2025-07-27', 'Completed'),
(35, 27, 19, '2025-07-28', 'Completed'),
(36, 23, 388, '2025-07-28', 'Cancelled'),
(37, 2, 22, '2025-07-29', 'No-show'),
(38, 22, 326, '2025-07-29', 'Completed'),
(39, 11, 434, '2025-07-29', 'Completed'),
(40, 23, 36, '2025-08-02', 'Completed'),
(41, 20, 210, '2025-08-04', 'Completed'),
(42, 22, 281, '2025-08-05', 'Completed'),
(43, 34, 196, '2025-08-06', 'Completed'),
(44, 37, 203, '2025-08-06', 'Completed'),
(45, 29, 455, '2025-08-06', 'Completed'),
(46, 25, 491, '2025-08-06', 'Completed'),
(47, 43, 66, '2025-08-07', 'Cancelled'),
(48, 5, 473, '2025-08-07', 'Completed'),
(49, 23, 196, '2025-08-07', 'Cancelled'),
(50, 22, 136, '2025-08-09', 'Completed'),
(51, 45, 157, '2025-08-09', 'No-show'),
(52, 4, 87, '2025-08-09', 'Completed'),
(53, 37, 477, '2025-08-10', 'Completed'),
(54, 5, 145, '2025-08-10', 'Completed'),
(55, 37, 410, '2025-08-11', 'Cancelled'),
(56, 37, 75, '2025-08-11', 'No-show'),
(57, 25, 443, '2025-08-11', 'Completed'),
(58, 25, 19, '2025-08-13', 'Completed'),
(59, 34, 435, '2025-08-14', 'Completed'),
(60, 10, 496, '2025-08-14', 'Completed'),
(61, 3, 361, '2025-08-14', 'Completed'),
(62, 48, 195, '2025-08-14', 'Completed'),
(63, 20, 451, '2025-08-15', 'Completed'),
(64, 47, 128, '2025-08-15', 'Completed'),
(65, 36, 85, '2025-08-16', 'Completed'),
(66, 46, 183, '2025-08-16', 'Completed'),
(67, 25, 411, '2025-08-16', 'Completed'),
(68, 39, 16, '2025-08-16', 'Completed'),
(69, 12, 225, '2025-08-18', 'Completed'),
(70, 47, 170, '2025-08-19', 'Cancelled'),
(71, 35, 199, '2025-08-19', 'Completed'),
(72, 39, 110, '2025-08-20', 'Completed'),
(73, 32, 445, '2025-08-20', 'Completed'),
(74, 13, 103, '2025-08-21', 'Cancelled'),
(75, 13, 396, '2025-08-21', 'Completed'),
(76, 11, 172, '2025-08-22', 'Completed'),
(77, 6, 354, '2025-08-25', 'Completed'),
(78, 14, 361, '2025-08-25', 'Completed'),
(79, 11, 153, '2025-08-26', 'No-show'),
(80, 15, 353, '2025-08-26', 'Completed'),
(81, 5, 361, '2025-08-27', 'Completed'),
(82, 44, 74, '2025-08-28', 'Completed'),
(83, 31, 340, '2025-08-28', 'Completed'),
(84, 38, 167, '2025-08-29', 'Cancelled'),
(85, 5, 35, '2025-08-29', 'Completed'),
(86, 3, 83, '2025-08-30', 'Completed'),
(87, 5, 122, '2025-09-01', 'Completed'),
(88, 19, 276, '2025-09-06', 'Completed'),
(89, 1, 144, '2025-09-07', 'Completed'),
(90, 4, 181, '2025-09-07', 'Completed'),
(91, 28, 22, '2025-09-07', 'Completed'),
(92, 11, 145, '2025-09-10', 'Completed'),
(93, 49, 275, '2025-09-10', 'No-show'),
(94, 35, 364, '2025-09-10', 'Completed'),
(95, 50, 124, '2025-09-11', 'Completed'),
(96, 42, 172, '2025-09-11', 'Completed'),
(97, 50, 40, '2025-09-11', 'Cancelled'),
(98, 35, 485, '2025-09-11', 'Completed'),
(99, 11, 264, '2025-09-11', 'Completed'),
(100, 32, 364, '2025-09-12', 'Completed'),
(101, 43, 216, '2025-09-12', 'No-show'),
(102, 14, 407, '2025-09-12', 'Cancelled'),
(103, 24, 304, '2025-09-12', 'Completed'),
(104, 45, 286, '2025-09-13', 'No-show'),
(105, 33, 302, '2025-09-15', 'Completed'),
(106, 27, 280, '2025-09-15', 'Completed'),
(107, 21, 69, '2025-09-15', 'No-show'),
(108, 16, 58, '2025-09-17', 'Completed'),
(109, 45, 257, '2025-09-19', 'No-show'),
(110, 38, 48, '2025-09-21', 'Completed'),
(111, 45, 141, '2025-09-22', 'Completed'),
(112, 32, 89, '2025-09-23', 'Completed'),
(113, 42, 284, '2025-09-26', 'Completed'),
(114, 33, 433, '2025-09-27', 'Completed'),
(115, 17, 178, '2025-09-28', 'Cancelled'),
(116, 13, 45, '2025-09-28', 'Completed'),
(117, 43, 184, '2025-09-29', 'Completed'),
(118, 38, 69, '2025-09-29', 'Completed'),
(119, 40, 163, '2025-10-01', 'Completed'),
(120, 33, 121, '2025-10-02', 'Completed'),
(121, 45, 15, '2025-10-02', 'Completed'),
(122, 6, 308, '2025-10-02', 'No-show'),
(123, 5, 299, '2025-10-02', 'Completed'),
(124, 46, 378, '2025-10-03', 'Completed'),
(125, 18, 410, '2025-10-03', 'Completed'),
(126, 43, 254, '2025-10-04', 'Completed'),
(127, 1, 146, '2025-10-05', 'Completed'),
(128, 49, 113, '2025-10-06', 'Completed'),
(129, 44, 135, '2025-10-07', 'No-show'),
(130, 11, 247, '2025-10-08', 'Completed'),
(131, 38, 25, '2025-10-08', 'Completed'),
(132, 2, 184, '2025-10-10', 'Completed'),
(133, 45, 13, '2025-10-11', 'Completed'),
(134, 50, 264, '2025-10-13', 'Completed'),
(135, 17, 347, '2025-10-14', 'No-show'),
(136, 48, 392, '2025-10-15', 'Completed'),
(137, 33, 220, '2025-10-16', 'Completed'),
(138, 16, 206, '2025-10-17', 'Completed'),
(139, 12, 183, '2025-10-17', 'Completed'),
(140, 24, 147, '2025-10-18', 'No-show'),
(141, 39, 447, '2025-10-18', 'Completed'),
(142, 17, 175, '2025-10-18', 'Completed'),
(143, 15, 165, '2025-10-19', 'Completed'),
(144, 47, 75, '2025-10-20', 'Completed'),
(145, 15, 304, '2025-10-21', 'Completed'),
(146, 13, 140, '2025-10-22', 'No-show'),
(147, 9, 123, '2025-10-23', 'No-show'),
(148, 3, 387, '2025-10-23', 'No-show'),
(149, 5, 354, '2025-10-24', 'Completed'),
(150, 14, 230, '2025-10-25', 'Completed'),
(151, 43, 465, '2025-10-25', 'Cancelled'),
(152, 41, 350, '2025-10-25', 'Completed'),
(153, 30, 108, '2025-10-26', 'Completed'),
(154, 34, 130, '2025-10-27', 'Completed'),
(155, 27, 300, '2025-10-27', 'Completed'),
(156, 49, 274, '2025-10-27', 'Completed'),
(157, 32, 71, '2025-10-27', 'Completed'),
(158, 26, 445, '2025-10-28', 'Completed'),
(159, 32, 259, '2025-10-29', 'Completed'),
(160, 41, 98, '2025-10-29', 'Cancelled'),
(161, 13, 33, '2025-10-29', 'Cancelled'),
(162, 38, 61, '2025-10-30', 'Completed'),
(163, 45, 157, '2025-10-30', 'Completed'),
(164, 12, 87, '2025-11-01', 'Completed'),
(165, 30, 346, '2025-11-02', 'Completed'),
(166, 12, 260, '2025-11-02', 'Completed'),
(167, 35, 148, '2025-11-03', 'Completed'),
(168, 21, 438, '2025-11-03', 'No-show'),
(169, 45, 474, '2025-11-03', 'No-show'),
(170, 35, 348, '2025-11-05', 'Cancelled'),
(171, 11, 160, '2025-11-05', 'Completed'),
(172, 25, 434, '2025-11-07', 'Completed'),
(173, 34, 407, '2025-11-09', 'No-show'),
(174, 19, 180, '2025-11-10', 'Completed'),
(175, 8, 323, '2025-11-11', 'Completed'),
(176, 16, 244, '2025-11-11', 'Completed'),
(177, 23, 399, '2025-11-11', 'Completed'),
(178, 47, 379, '2025-11-12', 'Completed'),
(179, 9, 407, '2025-11-13', 'Cancelled'),
(180, 42, 111, '2025-11-13', 'Completed'),
(181, 25, 16, '2025-11-14', 'Completed'),
(182, 36, 116, '2025-11-14', 'Completed'),
(183, 12, 183, '2025-11-15', 'Completed'),
(184, 15, 180, '2025-11-16', 'Completed'),
(185, 7, 173, '2025-11-18', 'Completed'),
(186, 44, 170, '2025-11-18', 'Completed'),
(187, 5, 19, '2025-11-19', 'Completed'),
(188, 20, 242, '2025-11-19', 'Completed'),
(189, 14, 44, '2025-11-19', 'Completed'),
(190, 46, 347, '2025-11-19', 'Completed'),
(191, 46, 351, '2025-11-20', 'Completed'),
(192, 21, 52, '2025-11-21', 'No-show'),
(193, 26, 291, '2025-11-21', 'Cancelled'),
(194, 24, 343, '2025-11-23', 'Completed'),
(195, 11, 248, '2025-11-23', 'Completed'),
(196, 32, 225, '2025-11-23', 'Completed'),
(197, 8, 177, '2025-11-24', 'Completed'),
(198, 23, 299, '2025-11-24', 'Completed'),
(199, 1, 36, '2025-11-24', 'Completed'),
(200, 47, 251, '2025-11-25', 'Completed'),
(201, 37, 123, '2025-11-26', 'Completed'),
(202, 47, 479, '2025-11-27', 'Completed'),
(203, 15, 468, '2025-11-28', 'Completed'),
(204, 1, 233, '2025-11-28', 'Cancelled'),
(205, 43, 105, '2025-11-29', 'Completed'),
(206, 14, 464, '2025-11-29', 'Completed'),
(207, 30, 314, '2025-11-29', 'Cancelled'),
(208, 10, 279, '2025-11-29', 'Completed'),
(209, 22, 194, '2025-11-29', 'Cancelled'),
(210, 23, 393, '2025-12-02', 'Completed'),
(211, 8, 157, '2025-12-02', 'Completed'),
(212, 5, 408, '2025-12-02', 'No-show'),
(213, 17, 224, '2025-12-02', 'Completed'),
(214, 36, 163, '2025-12-02', 'Completed'),
(215, 49, 441, '2025-12-04', 'Completed'),
(216, 30, 375, '2025-12-04', 'Completed'),
(217, 36, 372, '2025-12-05', 'Completed'),
(218, 35, 410, '2025-12-05', 'Completed'),
(219, 6, 155, '2025-12-07', 'Completed'),
(220, 20, 435, '2025-12-10', 'Completed'),
(221, 27, 338, '2025-12-12', 'Completed'),
(222, 13, 15, '2025-12-12', 'Completed'),
(223, 11, 480, '2025-12-14', 'Completed'),
(224, 47, 380, '2025-12-15', 'Completed'),
(225, 28, 373, '2025-12-15', 'Completed'),
(226, 10, 356, '2025-12-15', 'Completed'),
(227, 38, 105, '2025-12-16', 'Completed'),
(228, 29, 196, '2025-12-16', 'Cancelled'),
(229, 21, 494, '2025-12-18', 'Completed'),
(230, 34, 371, '2025-12-18', 'No-show'),
(231, 44, 214, '2025-12-21', 'Completed'),
(232, 29, 96, '2025-12-23', 'Completed'),
(233, 6, 461, '2025-12-23', 'Completed'),
(234, 33, 224, '2025-12-24', 'Completed'),
(235, 24, 74, '2025-12-24', 'Completed'),
(236, 18, 369, '2025-12-26', 'Completed'),
(237, 47, 256, '2025-12-27', 'Completed'),
(238, 38, 352, '2025-12-27', 'Completed'),
(239, 4, 90, '2025-12-28', 'Completed'),
(240, 18, 432, '2025-12-28', 'Completed'),
(241, 35, 224, '2025-12-29', 'Completed'),
(242, 20, 245, '2025-12-29', 'Completed'),
(243, 23, 208, '2025-12-30', 'Cancelled'),
(244, 32, 276, '2025-12-31', 'Completed'),
(245, 45, 443, '2026-01-01', 'No-show'),
(246, 49, 19, '2026-01-01', 'Completed'),
(247, 22, 281, '2026-01-03', 'Cancelled'),
(248, 43, 284, '2026-01-04', 'Completed'),
(249, 14, 338, '2026-01-05', 'Completed'),
(250, 10, 439, '2026-01-05', 'Completed'),
(251, 28, 151, '2026-01-06', 'Completed'),
(252, 22, 38, '2026-01-07', 'Completed'),
(253, 16, 277, '2026-01-07', 'Completed'),
(254, 4, 43, '2026-01-08', 'Completed'),
(255, 23, 231, '2026-01-09', 'Completed'),
(256, 12, 379, '2026-01-10', 'Completed'),
(257, 45, 60, '2026-01-13', 'Completed'),
(258, 1, 232, '2026-01-13', 'Completed'),
(259, 25, 188, '2026-01-14', 'Completed'),
(260, 40, 120, '2026-01-14', 'Completed'),
(261, 36, 311, '2026-01-15', 'Completed'),
(262, 19, 399, '2026-01-15', 'Completed'),
(263, 28, 408, '2026-01-16', 'Cancelled'),
(264, 35, 125, '2026-01-16', 'Completed'),
(265, 26, 99, '2026-01-17', 'No-show'),
(266, 16, 163, '2026-01-18', 'Completed'),
(267, 13, 419, '2026-01-20', 'Completed'),
(268, 38, 411, '2026-01-21', 'No-show'),
(269, 28, 429, '2026-01-21', 'Completed'),
(270, 32, 27, '2026-01-21', 'Completed'),
(271, 20, 70, '2026-01-21', 'Completed'),
(272, 3, 457, '2026-01-22', 'Completed'),
(273, 23, 176, '2026-01-22', 'Completed'),
(274, 6, 96, '2026-01-22', 'Completed'),
(275, 18, 453, '2026-01-23', 'Completed'),
(276, 9, 447, '2026-01-23', 'No-show'),
(277, 30, 344, '2026-01-24', 'Completed'),
(278, 19, 426, '2026-01-24', 'Completed'),
(279, 28, 226, '2026-01-24', 'Completed'),
(280, 29, 273, '2026-01-26', 'No-show'),
(281, 45, 365, '2026-01-27', 'Completed'),
(282, 48, 492, '2026-01-28', 'Cancelled'),
(283, 13, 174, '2026-01-29', 'Completed'),
(284, 47, 57, '2026-01-29', 'No-show'),
(285, 21, 30, '2026-01-29', 'Completed'),
(286, 21, 354, '2026-01-31', 'Cancelled'),
(287, 14, 91, '2026-02-01', 'Completed'),
(288, 1, 321, '2026-02-03', 'No-show'),
(289, 6, 361, '2026-02-04', 'Completed'),
(290, 25, 496, '2026-02-05', 'Cancelled'),
(291, 13, 47, '2026-02-06', 'Completed'),
(292, 2, 63, '2026-02-06', 'Completed'),
(293, 28, 308, '2026-02-07', 'Completed'),
(294, 50, 266, '2026-02-08', 'Completed'),
(295, 10, 156, '2026-02-08', 'No-show'),
(296, 1, 433, '2026-02-09', 'Completed'),
(297, 19, 379, '2026-02-10', 'Completed'),
(298, 22, 199, '2026-02-10', 'Completed'),
(299, 42, 497, '2026-02-10', 'Completed'),
(300, 33, 125, '2026-02-10', 'Cancelled'),
(301, 26, 160, '2026-02-11', 'Completed'),
(302, 9, 70, '2026-02-12', 'Cancelled'),
(303, 43, 422, '2026-02-13', 'Completed'),
(304, 26, 160, '2026-02-13', 'Completed'),
(305, 28, 131, '2026-02-13', 'Completed'),
(306, 7, 54, '2026-02-14', 'Completed'),
(307, 42, 224, '2026-02-15', 'Completed'),
(308, 34, 433, '2026-02-15', 'Completed'),
(309, 49, 431, '2026-02-17', 'No-show'),
(310, 30, 453, '2026-02-18', 'Completed'),
(311, 42, 2, '2026-02-21', 'No-show'),
(312, 29, 428, '2026-02-22', 'Cancelled'),
(313, 44, 291, '2026-02-25', 'Completed'),
(314, 5, 79, '2026-02-26', 'Cancelled'),
(315, 2, 213, '2026-02-26', 'Cancelled'),
(316, 11, 480, '2026-02-27', 'Completed'),
(317, 40, 194, '2026-02-28', 'Cancelled'),
(318, 44, 384, '2026-02-28', 'Completed'),
(319, 12, 190, '2026-03-01', 'Completed'),
(320, 48, 26, '2026-03-01', 'Completed'),
(321, 14, 145, '2026-03-02', 'Completed'),
(322, 5, 342, '2026-03-02', 'No-show'),
(323, 44, 436, '2026-03-03', 'Cancelled'),
(324, 46, 396, '2026-03-04', 'Completed'),
(325, 37, 396, '2026-03-05', 'Completed'),
(326, 17, 364, '2026-03-09', 'Completed'),
(327, 22, 143, '2026-03-10', 'Completed'),
(328, 38, 334, '2026-03-11', 'Completed'),
(329, 4, 463, '2026-03-13', 'Completed'),
(330, 10, 248, '2026-03-13', 'No-show'),
(331, 44, 219, '2026-03-14', 'Completed'),
(332, 1, 65, '2026-03-15', 'Completed'),
(333, 26, 244, '2026-03-16', 'Completed'),
(334, 13, 467, '2026-03-16', 'No-show'),
(335, 28, 28, '2026-03-17', 'Completed'),
(336, 28, 280, '2026-03-18', 'Completed'),
(337, 32, 487, '2026-03-19', 'Completed'),
(338, 1, 190, '2026-03-19', 'Completed'),
(339, 45, 98, '2026-03-21', 'Completed'),
(340, 25, 443, '2026-03-22', 'No-show'),
(341, 49, 56, '2026-03-23', 'Completed'),
(342, 7, 443, '2026-03-23', 'Completed'),
(343, 8, 443, '2026-03-23', 'Completed'),
(344, 28, 226, '2026-03-25', 'Cancelled'),
(345, 21, 32, '2026-03-25', 'Completed'),
(346, 11, 88, '2026-03-26', 'Completed'),
(347, 15, 173, '2026-03-27', 'Completed'),
(348, 43, 321, '2026-03-28', 'Cancelled'),
(349, 2, 113, '2026-03-29', 'Completed'),
(350, 7, 485, '2026-03-30', 'Completed'),
(351, 5, 476, '2026-03-30', 'Cancelled'),
(352, 50, 281, '2026-03-30', 'Completed'),
(353, 23, 169, '2026-04-02', 'Completed'),
(354, 20, 33, '2026-04-03', 'Cancelled'),
(355, 4, 190, '2026-04-03', 'Cancelled'),
(356, 50, 109, '2026-04-03', 'Completed'),
(357, 11, 400, '2026-04-04', 'Completed'),
(358, 23, 299, '2026-04-05', 'No-show'),
(359, 31, 177, '2026-04-07', 'No-show'),
(360, 33, 353, '2026-04-08', 'No-show'),
(361, 39, 158, '2026-04-10', 'Completed'),
(362, 25, 360, '2026-04-11', 'Cancelled'),
(363, 27, 4, '2026-04-11', 'No-show'),
(364, 27, 123, '2026-04-11', 'Completed'),
(365, 18, 41, '2026-04-11', 'Completed'),
(366, 3, 77, '2026-04-11', 'Completed'),
(367, 40, 492, '2026-04-11', 'Completed'),
(368, 23, 225, '2026-04-12', 'Completed'),
(369, 32, 417, '2026-04-13', 'Cancelled'),
(370, 16, 231, '2026-04-14', 'Completed'),
(371, 34, 384, '2026-04-14', 'Completed'),
(372, 17, 50, '2026-04-14', 'Completed'),
(373, 18, 306, '2026-04-14', 'Cancelled'),
(374, 25, 369, '2026-04-17', 'Cancelled'),
(375, 17, 310, '2026-04-17', 'Completed'),
(376, 23, 484, '2026-04-17', 'Completed'),
(377, 20, 294, '2026-04-18', 'Completed'),
(378, 48, 450, '2026-04-19', 'Completed'),
(379, 44, 415, '2026-04-19', 'Cancelled'),
(380, 9, 46, '2026-04-19', 'Completed'),
(381, 9, 108, '2026-04-20', 'Completed'),
(382, 40, 395, '2026-04-21', 'Completed'),
(383, 44, 83, '2026-04-21', 'Completed'),
(384, 14, 139, '2026-04-24', 'Completed'),
(385, 16, 70, '2026-04-24', 'Completed'),
(386, 46, 136, '2026-04-24', 'Completed'),
(387, 48, 120, '2026-04-27', 'Completed'),
(388, 33, 295, '2026-04-28', 'Completed'),
(389, 41, 384, '2026-05-01', 'Completed'),
(390, 10, 358, '2026-05-02', 'Completed'),
(391, 38, 479, '2026-05-02', 'Completed'),
(392, 18, 426, '2026-05-04', 'Completed'),
(393, 34, 247, '2026-05-04', 'Completed'),
(394, 32, 317, '2026-05-04', 'Completed'),
(395, 10, 282, '2026-05-04', 'Completed'),
(396, 19, 319, '2026-05-04', 'Completed'),
(397, 45, 311, '2026-05-05', 'Completed'),
(398, 5, 279, '2026-05-06', 'No-show'),
(399, 46, 102, '2026-05-07', 'Cancelled'),
(400, 19, 316, '2026-05-07', 'No-show'),
(401, 28, 198, '2026-05-07', 'Completed'),
(402, 29, 260, '2026-05-07', 'Completed'),
(403, 26, 169, '2026-05-08', 'Completed'),
(404, 36, 430, '2026-05-08', 'Completed'),
(405, 15, 184, '2026-05-09', 'Completed'),
(406, 35, 271, '2026-05-10', 'Completed'),
(407, 2, 12, '2026-05-10', 'Cancelled'),
(408, 22, 166, '2026-05-11', 'Completed'),
(409, 8, 15, '2026-05-12', 'Completed'),
(410, 7, 208, '2026-05-13', 'Completed'),
(411, 5, 197, '2026-05-13', 'Completed'),
(412, 50, 249, '2026-05-14', 'Completed'),
(413, 1, 210, '2026-05-14', 'Completed'),
(414, 31, 239, '2026-05-14', 'Completed'),
(415, 48, 443, '2026-05-18', 'Cancelled'),
(416, 29, 227, '2026-05-18', 'Cancelled'),
(417, 30, 329, '2026-05-18', 'Completed'),
(418, 9, 118, '2026-05-18', 'Completed'),
(419, 41, 181, '2026-05-18', 'No-show'),
(420, 40, 41, '2026-05-19', 'Completed'),
(421, 6, 366, '2026-05-19', 'Completed'),
(422, 40, 50, '2026-05-19', 'Completed'),
(423, 11, 99, '2026-05-19', 'Completed'),
(424, 4, 105, '2026-05-19', 'Completed'),
(425, 47, 209, '2026-05-21', 'Completed'),
(426, 13, 60, '2026-05-21', 'Completed'),
(427, 44, 331, '2026-05-23', 'Completed'),
(428, 5, 374, '2026-05-24', 'Completed'),
(429, 33, 12, '2026-05-24', 'Completed'),
(430, 45, 110, '2026-05-25', 'Cancelled'),
(431, 27, 86, '2026-05-26', 'Completed'),
(432, 44, 175, '2026-05-28', 'Completed'),
(433, 5, 126, '2026-05-29', 'Completed'),
(434, 35, 123, '2026-05-29', 'Completed'),
(435, 37, 382, '2026-05-30', 'Completed'),
(436, 9, 280, '2026-05-31', 'Completed'),
(437, 39, 34, '2026-05-31', 'Completed'),
(438, 28, 270, '2026-06-01', 'Completed'),
(439, 27, 422, '2026-06-02', 'Completed'),
(440, 13, 448, '2026-06-03', 'Completed'),
(441, 48, 254, '2026-06-03', 'Completed'),
(442, 43, 117, '2026-06-03', 'Completed'),
(443, 2, 14, '2026-06-03', 'Completed'),
(444, 25, 334, '2026-06-04', 'Cancelled'),
(445, 45, 222, '2026-06-05', 'Cancelled'),
(446, 3, 30, '2026-06-05', 'Completed'),
(447, 3, 274, '2026-06-06', 'Completed'),
(448, 40, 342, '2026-06-06', 'Completed'),
(449, 9, 106, '2026-06-10', 'No-show'),
(450, 7, 249, '2026-06-10', 'Completed'),
(451, 41, 361, '2026-06-11', 'Cancelled'),
(452, 10, 212, '2026-06-11', 'Completed'),
(453, 12, 263, '2026-06-11', 'Completed'),
(454, 34, 232, '2026-06-13', 'Completed'),
(455, 11, 353, '2026-06-13', 'No-show'),
(456, 24, 486, '2026-06-14', 'Cancelled'),
(457, 26, 425, '2026-06-15', 'Completed'),
(458, 10, 488, '2026-06-15', 'Cancelled'),
(459, 32, 275, '2026-06-18', 'Scheduled'),
(460, 40, 352, '2026-06-19', 'Scheduled'),
(461, 9, 126, '2026-06-19', 'Scheduled'),
(462, 50, 430, '2026-06-19', 'Scheduled'),
(463, 37, 159, '2026-06-21', 'Scheduled'),
(464, 39, 201, '2026-06-21', 'Scheduled'),
(465, 49, 253, '2026-06-23', 'Scheduled'),
(466, 28, 349, '2026-06-23', 'Scheduled'),
(467, 33, 297, '2026-06-25', 'Scheduled'),
(468, 22, 327, '2026-06-26', 'Scheduled'),
(469, 20, 281, '2026-06-26', 'Scheduled'),
(470, 27, 39, '2026-06-26', 'Scheduled'),
(471, 37, 199, '2026-06-27', 'Scheduled'),
(472, 5, 99, '2026-06-28', 'Scheduled'),
(473, 1, 402, '2026-06-28', 'Scheduled'),
(474, 18, 28, '2026-06-29', 'Scheduled'),
(475, 16, 325, '2026-06-29', 'Scheduled'),
(476, 30, 140, '2026-06-30', 'Scheduled'),
(477, 4, 467, '2026-07-02', 'Scheduled'),
(478, 15, 356, '2026-07-02', 'Scheduled'),
(479, 42, 414, '2026-07-03', 'Scheduled'),
(480, 26, 244, '2026-07-03', 'Scheduled'),
(481, 49, 303, '2026-07-04', 'Scheduled'),
(482, 4, 265, '2026-07-04', 'Scheduled'),
(483, 35, 30, '2026-07-04', 'Scheduled'),
(484, 2, 382, '2026-07-05', 'Scheduled'),
(485, 20, 336, '2026-07-05', 'Scheduled'),
(486, 22, 493, '2026-07-05', 'Scheduled'),
(487, 24, 420, '2026-07-07', 'Scheduled'),
(488, 37, 82, '2026-07-07', 'Scheduled'),
(489, 21, 466, '2026-07-08', 'Scheduled'),
(490, 8, 84, '2026-07-10', 'Scheduled'),
(491, 19, 160, '2026-07-10', 'Scheduled'),
(492, 45, 106, '2026-07-11', 'Scheduled'),
(493, 10, 284, '2026-07-11', 'Scheduled'),
(494, 23, 133, '2026-07-13', 'Scheduled'),
(495, 43, 175, '2026-07-15', 'Scheduled'),
(496, 40, 141, '2026-07-15', 'Scheduled'),
(497, 34, 132, '2026-07-15', 'Scheduled'),
(498, 5, 275, '2026-07-16', 'Scheduled'),
(499, 15, 360, '2026-07-17', 'Scheduled'),
(500, 5, 141, '2026-07-18', 'Scheduled');





INSERT INTO "departments" ("id", "name_department") VALUES
(1, 'Cardiology'),
(2, 'Neurology'),
(3, 'Pediatrics'),
(4, 'Orthopedics'),
(5, 'Oncology'),
(6, 'Emergency'),
(7, 'Radiology'),
(8, 'Dermatology'),
(9, 'Gastroenterology'),
(10, 'Obstetrics & Gynecology'),
(11, 'Urology'),
(12, 'Psychiatry');


INSERT INTO "diagnoses" ("id", "appoint_id", "diagnosis_name") VALUES
(1, 1, 'Acute Bronchitis'),
(2, 2, 'Influenza'),
(3, 3, 'Anxiety Disorder'),
(4, 5, 'Osteoarthritis'),
(5, 6, 'Sinusitis'),
(6, 8, 'Allergic Rhinitis'),
(7, 9, 'Dermatitis'),
(8, 10, 'Hyperlipidemia'),
(9, 11, 'COVID-19'),
(10, 12, 'Type 2 Diabetes Mellitus'),
(11, 15, 'Chronic Kidney Disease'),
(12, 16, 'Anxiety Disorder'),
(13, 17, 'Sinusitis'),
(14, 18, 'Major Depressive Disorder'),
(15, 21, 'Cellulitis'),
(16, 24, 'Major Depressive Disorder'),
(17, 25, 'Influenza'),
(18, 26, 'COVID-19'),
(19, 27, 'Chronic Kidney Disease'),
(20, 28, 'Major Depressive Disorder'),
(21, 30, 'Sinusitis'),
(22, 31, 'Migraine'),
(23, 32, 'Sinusitis'),
(24, 33, 'Hyperlipidemia'),
(25, 34, 'Type 2 Diabetes Mellitus'),
(26, 35, 'Hypothyroidism'),
(27, 38, 'Vitamin D Deficiency'),
(28, 39, 'Vitamin D Deficiency'),
(29, 40, 'Acute Bronchitis'),
(30, 41, 'Pneumonia'),
(31, 42, 'Allergic Rhinitis'),
(32, 43, 'Coronary Artery Disease'),
(33, 44, 'Atrial Fibrillation'),
(34, 45, 'Sinusitis'),
(35, 46, 'Acute Bronchitis'),
(36, 48, 'Cellulitis'),
(37, 50, 'Lower Back Pain'),
(38, 52, 'GERD'),
(39, 53, 'Type 2 Diabetes Mellitus'),
(40, 54, 'Pneumonia'),
(41, 57, 'Type 2 Diabetes Mellitus'),
(42, 58, 'Asthma'),
(43, 59, 'Hypertension'),
(44, 60, 'Conjunctivitis'),
(45, 61, 'Gastroenteritis'),
(46, 62, 'Pneumonia'),
(47, 63, 'Acute Bronchitis'),
(48, 64, 'Tonsillitis'),
(49, 65, 'Osteoarthritis'),
(50, 66, 'Anemia'),
(51, 67, 'Dermatitis'),
(52, 68, 'Hyperlipidemia'),
(53, 69, 'Allergic Rhinitis'),
(54, 71, 'Pneumonia'),
(55, 72, 'Acute Bronchitis'),
(56, 73, 'Hyperlipidemia'),
(57, 75, 'Allergic Rhinitis'),
(58, 76, 'Type 2 Diabetes Mellitus'),
(59, 77, 'Hypothyroidism'),
(60, 78, 'Dermatitis'),
(61, 80, 'Urinary Tract Infection'),
(62, 81, 'Asthma'),
(63, 82, 'COVID-19'),
(64, 83, 'Otitis Media'),
(65, 85, 'Hypothyroidism'),
(66, 86, 'Acute Bronchitis'),
(67, 87, 'Atrial Fibrillation'),
(68, 88, 'Vitamin D Deficiency'),
(69, 89, 'Conjunctivitis'),
(70, 90, 'Tonsillitis'),
(71, 91, 'Otitis Media'),
(72, 92, 'Iron Deficiency'),
(73, 94, 'Asthma'),
(74, 95, 'Tonsillitis'),
(75, 96, 'Cellulitis'),
(76, 98, 'Otitis Media'),
(77, 99, 'Coronary Artery Disease'),
(78, 100, 'Hypertension'),
(79, 103, 'Lower Back Pain'),
(80, 105, 'Anemia'),
(81, 106, 'Migraine'),
(82, 108, 'Iron Deficiency'),
(83, 110, 'Chronic Kidney Disease'),
(84, 111, 'Hypertension'),
(85, 112, 'Asthma'),
(86, 113, 'Sinusitis'),
(87, 114, 'Iron Deficiency'),
(88, 116, 'Sinusitis'),
(89, 117, 'Atrial Fibrillation'),
(90, 118, 'Anemia'),
(91, 119, 'Influenza'),
(92, 120, 'Sinusitis'),
(93, 121, 'Lower Back Pain'),
(94, 123, 'COVID-19'),
(95, 124, 'Dermatitis'),
(96, 125, 'Conjunctivitis'),
(97, 126, 'Hyperlipidemia'),
(98, 127, 'Migraine'),
(99, 128, 'Sinusitis'),
(100, 130, 'Anxiety Disorder'),
(101, 131, 'Cellulitis'),
(102, 132, 'Iron Deficiency'),
(103, 133, 'Urinary Tract Infection'),
(104, 134, 'Coronary Artery Disease'),
(105, 136, 'Tonsillitis'),
(106, 137, 'Osteoarthritis'),
(107, 138, 'Atrial Fibrillation'),
(108, 139, 'Type 2 Diabetes Mellitus'),
(109, 141, 'Urinary Tract Infection'),
(110, 142, 'Atrial Fibrillation'),
(111, 143, 'Chronic Kidney Disease'),
(112, 144, 'Iron Deficiency'),
(113, 145, 'Chronic Kidney Disease'),
(114, 149, 'Sinusitis'),
(115, 150, 'Influenza'),
(116, 152, 'Conjunctivitis'),
(117, 153, 'Pneumonia'),
(118, 154, 'Otitis Media'),
(119, 155, 'Hypertension'),
(120, 156, 'Asthma'),
(121, 157, 'Urinary Tract Infection'),
(122, 158, 'Osteoarthritis'),
(123, 159, 'Anxiety Disorder'),
(124, 162, 'Hypertension'),
(125, 163, 'GERD'),
(126, 164, 'Influenza'),
(127, 165, 'Lower Back Pain'),
(128, 166, 'Coronary Artery Disease'),
(129, 167, 'Osteoarthritis'),
(130, 171, 'Anemia'),
(131, 172, 'Otitis Media'),
(132, 174, 'Hypothyroidism'),
(133, 175, 'Allergic Rhinitis'),
(134, 176, 'Cellulitis'),
(135, 177, 'Hyperlipidemia'),
(136, 178, 'Anemia'),
(137, 180, 'Asthma'),
(138, 181, 'Iron Deficiency'),
(139, 182, 'Lower Back Pain'),
(140, 183, 'Tonsillitis'),
(141, 184, 'Lower Back Pain'),
(142, 185, 'Hypothyroidism'),
(143, 186, 'Migraine'),
(144, 187, 'Tonsillitis'),
(145, 188, 'Hypothyroidism'),
(146, 189, 'Anxiety Disorder'),
(147, 190, 'Asthma'),
(148, 191, 'Sinusitis'),
(149, 194, 'Osteoarthritis'),
(150, 195, 'Conjunctivitis'),
(151, 196, 'GERD'),
(152, 197, 'Chronic Kidney Disease'),
(153, 198, 'Dermatitis'),
(154, 199, 'Hypothyroidism'),
(155, 200, 'Atrial Fibrillation'),
(156, 201, 'Otitis Media'),
(157, 202, 'Sinusitis'),
(158, 203, 'Pneumonia'),
(159, 205, 'GERD'),
(160, 206, 'Conjunctivitis'),
(161, 208, 'Pneumonia'),
(162, 210, 'Gastroenteritis'),
(163, 211, 'Vitamin D Deficiency'),
(164, 213, 'Sinusitis'),
(165, 214, 'Otitis Media'),
(166, 215, 'Asthma'),
(167, 216, 'Migraine'),
(168, 217, 'Acute Bronchitis'),
(169, 218, 'Iron Deficiency'),
(170, 219, 'Major Depressive Disorder'),
(171, 220, 'Sinusitis'),
(172, 221, 'Sinusitis'),
(173, 222, 'GERD'),
(174, 223, 'COVID-19'),
(175, 224, 'Type 2 Diabetes Mellitus'),
(176, 225, 'Migraine'),
(177, 226, 'Iron Deficiency'),
(178, 227, 'Tonsillitis'),
(179, 229, 'Dermatitis'),
(180, 231, 'Migraine'),
(181, 232, 'Cellulitis'),
(182, 233, 'Coronary Artery Disease'),
(183, 234, 'Coronary Artery Disease'),
(184, 235, 'Anemia'),
(185, 236, 'Chronic Kidney Disease'),
(186, 237, 'Anemia'),
(187, 238, 'Anxiety Disorder'),
(188, 239, 'Asthma'),
(189, 240, 'Hypothyroidism'),
(190, 241, 'Cellulitis'),
(191, 242, 'Gastroenteritis'),
(192, 244, 'Major Depressive Disorder'),
(193, 246, 'Anxiety Disorder'),
(194, 248, 'Cellulitis'),
(195, 249, 'Hypothyroidism'),
(196, 250, 'Iron Deficiency'),
(197, 251, 'Influenza'),
(198, 252, 'Hyperlipidemia'),
(199, 253, 'Iron Deficiency'),
(200, 254, 'Type 2 Diabetes Mellitus'),
(201, 255, 'COVID-19'),
(202, 256, 'Gastroenteritis'),
(203, 257, 'Type 2 Diabetes Mellitus'),
(204, 258, 'Gastroenteritis'),
(205, 259, 'Asthma'),
(206, 260, 'COVID-19'),
(207, 261, 'Sinusitis'),
(208, 262, 'Iron Deficiency'),
(209, 264, 'GERD'),
(210, 266, 'Atrial Fibrillation'),
(211, 267, 'Influenza'),
(212, 269, 'Vitamin D Deficiency'),
(213, 270, 'Influenza'),
(214, 271, 'Coronary Artery Disease'),
(215, 272, 'Chronic Kidney Disease'),
(216, 273, 'Iron Deficiency'),
(217, 274, 'Osteoarthritis'),
(218, 275, 'Asthma'),
(219, 277, 'Gastroenteritis'),
(220, 278, 'Atrial Fibrillation'),
(221, 279, 'Sinusitis'),
(222, 281, 'Osteoarthritis'),
(223, 283, 'Chronic Kidney Disease'),
(224, 285, 'COVID-19'),
(225, 287, 'Sinusitis'),
(226, 289, 'Lower Back Pain'),
(227, 291, 'Acute Bronchitis'),
(228, 292, 'COVID-19'),
(229, 293, 'Vitamin D Deficiency'),
(230, 294, 'COVID-19'),
(231, 296, 'Anemia'),
(232, 297, 'Acute Bronchitis'),
(233, 298, 'Type 2 Diabetes Mellitus'),
(234, 299, 'Tonsillitis'),
(235, 301, 'Hypertension'),
(236, 303, 'Atrial Fibrillation'),
(237, 304, 'Urinary Tract Infection'),
(238, 305, 'Allergic Rhinitis'),
(239, 306, 'COVID-19'),
(240, 307, 'Cellulitis'),
(241, 308, 'Otitis Media'),
(242, 310, 'Urinary Tract Infection'),
(243, 313, 'Allergic Rhinitis'),
(244, 316, 'Lower Back Pain'),
(245, 318, 'Osteoarthritis'),
(246, 319, 'Influenza'),
(247, 320, 'Major Depressive Disorder'),
(248, 321, 'Conjunctivitis'),
(249, 324, 'Vitamin D Deficiency'),
(250, 325, 'Major Depressive Disorder'),
(251, 326, 'Hypothyroidism'),
(252, 327, 'Cellulitis'),
(253, 328, 'Type 2 Diabetes Mellitus'),
(254, 329, 'Hyperlipidemia'),
(255, 331, 'Urinary Tract Infection'),
(256, 332, 'Conjunctivitis'),
(257, 333, 'Lower Back Pain'),
(258, 335, 'Lower Back Pain'),
(259, 336, 'Iron Deficiency'),
(260, 337, 'Sinusitis'),
(261, 338, 'Coronary Artery Disease'),
(262, 339, 'Chronic Kidney Disease'),
(263, 341, 'Gastroenteritis'),
(264, 342, 'Sinusitis'),
(265, 343, 'Hypertension'),
(266, 345, 'Otitis Media'),
(267, 346, 'Gastroenteritis'),
(268, 347, 'Atrial Fibrillation'),
(269, 349, 'Hypothyroidism'),
(270, 350, 'Pneumonia'),
(271, 352, 'Acute Bronchitis'),
(272, 353, 'Chronic Kidney Disease'),
(273, 356, 'Anemia'),
(274, 357, 'Tonsillitis'),
(275, 361, 'Vitamin D Deficiency'),
(276, 364, 'Coronary Artery Disease'),
(277, 365, 'Dermatitis'),
(278, 366, 'Pneumonia'),
(279, 367, 'Conjunctivitis'),
(280, 368, 'Hypothyroidism'),
(281, 370, 'Pneumonia'),
(282, 371, 'Lower Back Pain'),
(283, 372, 'Influenza'),
(284, 375, 'Hypertension'),
(285, 376, 'Type 2 Diabetes Mellitus'),
(286, 377, 'Pneumonia'),
(287, 378, 'Type 2 Diabetes Mellitus'),
(288, 380, 'Tonsillitis'),
(289, 381, 'Acute Bronchitis'),
(290, 382, 'Conjunctivitis'),
(291, 383, 'Cellulitis'),
(292, 384, 'Lower Back Pain'),
(293, 385, 'Otitis Media'),
(294, 386, 'Hypertension'),
(295, 387, 'Anxiety Disorder'),
(296, 388, 'Coronary Artery Disease'),
(297, 389, 'Urinary Tract Infection'),
(298, 390, 'Coronary Artery Disease'),
(299, 391, 'Hypothyroidism'),
(300, 392, 'Sinusitis'),
(301, 393, 'Urinary Tract Infection'),
(302, 394, 'Conjunctivitis'),
(303, 395, 'Pneumonia'),
(304, 396, 'Major Depressive Disorder'),
(305, 397, 'Cellulitis'),
(306, 401, 'Lower Back Pain'),
(307, 402, 'Dermatitis'),
(308, 403, 'Pneumonia'),
(309, 404, 'Hypothyroidism'),
(310, 405, 'Hypothyroidism'),
(311, 406, 'Anxiety Disorder'),
(312, 408, 'Asthma'),
(313, 409, 'Hypothyroidism'),
(314, 410, 'Osteoarthritis'),
(315, 411, 'COVID-19'),
(316, 412, 'Acute Bronchitis'),
(317, 413, 'Atrial Fibrillation'),
(318, 414, 'Lower Back Pain'),
(319, 417, 'Sinusitis'),
(320, 418, 'Pneumonia'),
(321, 420, 'Otitis Media'),
(322, 421, 'Atrial Fibrillation'),
(323, 422, 'Major Depressive Disorder'),
(324, 423, 'Migraine'),
(325, 424, 'Asthma'),
(326, 425, 'Iron Deficiency'),
(327, 426, 'Hypertension'),
(328, 427, 'Urinary Tract Infection'),
(329, 428, 'Anxiety Disorder'),
(330, 429, 'Urinary Tract Infection'),
(331, 431, 'Migraine'),
(332, 432, 'Major Depressive Disorder'),
(333, 433, 'Tonsillitis'),
(334, 434, 'Hypothyroidism'),
(335, 435, 'GERD'),
(336, 436, 'Cellulitis'),
(337, 437, 'Chronic Kidney Disease'),
(338, 438, 'Sinusitis'),
(339, 439, 'Tonsillitis'),
(340, 440, 'Otitis Media'),
(341, 441, 'Anxiety Disorder'),
(342, 442, 'Cellulitis'),
(343, 443, 'Otitis Media'),
(344, 446, 'Lower Back Pain'),
(345, 447, 'Vitamin D Deficiency'),
(346, 448, 'Influenza'),
(347, 450, 'Coronary Artery Disease'),
(348, 452, 'Otitis Media'),
(349, 453, 'Influenza'),
(350, 454, 'Iron Deficiency'),
(351, 457, 'Cellulitis'),
(352, 1, 'Pneumonia'),
(353, 2, 'Asthma'),
(354, 3, 'Vitamin D Deficiency'),
(355, 5, 'Iron Deficiency'),
(356, 6, 'Type 2 Diabetes Mellitus'),
(357, 8, 'Hypertension'),
(358, 9, 'Urinary Tract Infection'),
(359, 10, 'Cellulitis'),
(360, 11, 'Pneumonia'),
(361, 12, 'Conjunctivitis'),
(362, 15, 'Pneumonia'),
(363, 16, 'Atrial Fibrillation'),
(364, 17, 'Acute Bronchitis'),
(365, 18, 'Allergic Rhinitis'),
(366, 21, 'Allergic Rhinitis'),
(367, 24, 'Acute Bronchitis'),
(368, 25, 'Otitis Media'),
(369, 26, 'Conjunctivitis'),
(370, 27, 'Hyperlipidemia'),
(371, 28, 'Hypertension'),
(372, 30, 'Anxiety Disorder'),
(373, 31, 'Otitis Media'),
(374, 32, 'Type 2 Diabetes Mellitus'),
(375, 33, 'Pneumonia'),
(376, 34, 'Hypertension'),
(377, 35, 'Anxiety Disorder'),
(378, 38, 'Allergic Rhinitis'),
(379, 39, 'Osteoarthritis'),
(380, 40, 'Dermatitis'),
(381, 41, 'Cellulitis'),
(382, 42, 'Allergic Rhinitis'),
(383, 43, 'Gastroenteritis'),
(384, 44, 'Tonsillitis'),
(385, 45, 'Influenza'),
(386, 46, 'Acute Bronchitis'),
(387, 48, 'Hyperlipidemia'),
(388, 50, 'Osteoarthritis'),
(389, 52, 'Coronary Artery Disease'),
(390, 53, 'Dermatitis'),
(391, 54, 'Type 2 Diabetes Mellitus'),
(392, 57, 'Vitamin D Deficiency'),
(393, 58, 'Sinusitis'),
(394, 59, 'Hyperlipidemia'),
(395, 60, 'Hypertension'),
(396, 61, 'Migraine'),
(397, 62, 'Migraine'),
(398, 63, 'Atrial Fibrillation'),
(399, 64, 'Anemia'),
(400, 65, 'Type 2 Diabetes Mellitus'),
(401, 66, 'Cellulitis'),
(402, 67, 'Type 2 Diabetes Mellitus'),
(403, 68, 'Iron Deficiency'),
(404, 69, 'Hypothyroidism'),
(405, 71, 'Anemia'),
(406, 72, 'Anemia'),
(407, 73, 'Urinary Tract Infection'),
(408, 75, 'Coronary Artery Disease'),
(409, 76, 'Coronary Artery Disease'),
(410, 77, 'COVID-19'),
(411, 78, 'Acute Bronchitis'),
(412, 80, 'Urinary Tract Infection'),
(413, 81, 'Tonsillitis'),
(414, 82, 'Lower Back Pain'),
(415, 83, 'Influenza'),
(416, 85, 'Hypothyroidism'),
(417, 86, 'Otitis Media'),
(418, 87, 'Acute Bronchitis'),
(419, 88, 'Coronary Artery Disease'),
(420, 89, 'Iron Deficiency'),
(421, 90, 'Anxiety Disorder'),
(422, 91, 'Type 2 Diabetes Mellitus'),
(423, 92, 'Lower Back Pain'),
(424, 94, 'Tonsillitis'),
(425, 95, 'GERD'),
(426, 96, 'Urinary Tract Infection'),
(427, 98, 'GERD'),
(428, 99, 'Cellulitis'),
(429, 100, 'Iron Deficiency'),
(430, 103, 'Gastroenteritis'),
(431, 105, 'COVID-19'),
(432, 106, 'Otitis Media'),
(433, 108, 'Vitamin D Deficiency'),
(434, 110, 'Iron Deficiency'),
(435, 111, 'Otitis Media'),
(436, 112, 'Cellulitis'),
(437, 113, 'Atrial Fibrillation'),
(438, 114, 'Cellulitis'),
(439, 116, 'Asthma'),
(440, 117, 'Anemia'),
(441, 118, 'GERD'),
(442, 119, 'Chronic Kidney Disease'),
(443, 120, 'Otitis Media'),
(444, 121, 'Otitis Media'),
(445, 123, 'Type 2 Diabetes Mellitus'),
(446, 124, 'Conjunctivitis'),
(447, 125, 'Anemia'),
(448, 126, 'Acute Bronchitis'),
(449, 127, 'Lower Back Pain'),
(450, 128, 'Pneumonia'),
(451, 130, 'Pneumonia'),
(452, 131, 'Anxiety Disorder'),
(453, 132, 'Coronary Artery Disease'),
(454, 133, 'Hypertension'),
(455, 134, 'GERD'),
(456, 136, 'Migraine'),
(457, 137, 'Allergic Rhinitis'),
(458, 138, 'Iron Deficiency'),
(459, 139, 'Otitis Media'),
(460, 141, 'Sinusitis'),
(461, 142, 'Migraine'),
(462, 143, 'Tonsillitis'),
(463, 144, 'Asthma'),
(464, 145, 'Osteoarthritis'),
(465, 149, 'Influenza'),
(466, 150, 'Sinusitis'),
(467, 152, 'Vitamin D Deficiency'),
(468, 153, 'Anxiety Disorder'),
(469, 154, 'Hyperlipidemia'),
(470, 155, 'Asthma'),
(471, 156, 'Atrial Fibrillation'),
(472, 157, 'Urinary Tract Infection'),
(473, 158, 'Hyperlipidemia'),
(474, 159, 'Gastroenteritis'),
(475, 162, 'Sinusitis'),
(476, 163, 'GERD'),
(477, 164, 'Vitamin D Deficiency'),
(478, 165, 'Coronary Artery Disease'),
(479, 166, 'Dermatitis'),
(480, 167, 'Coronary Artery Disease'),
(481, 171, 'COVID-19'),
(482, 172, 'Pneumonia'),
(483, 174, 'COVID-19'),
(484, 175, 'Hyperlipidemia'),
(485, 176, 'Lower Back Pain'),
(486, 177, 'Lower Back Pain'),
(487, 178, 'Tonsillitis'),
(488, 180, 'Migraine'),
(489, 181, 'Type 2 Diabetes Mellitus'),
(490, 182, 'Atrial Fibrillation'),
(491, 183, 'Otitis Media'),
(492, 184, 'Gastroenteritis'),
(493, 185, 'Hypertension'),
(494, 186, 'Major Depressive Disorder'),
(495, 187, 'Osteoarthritis'),
(496, 188, 'Hypothyroidism'),
(497, 189, 'Gastroenteritis'),
(498, 190, 'Conjunctivitis'),
(499, 191, 'Vitamin D Deficiency'),
(500, 194, 'GERD');


-- fabricate-flush


INSERT INTO "doctors" ("id", "first_name", "last_name", "specialty", "department_id") VALUES
(1, 'Grace', 'Greene', 'Neurologist', 2),
(2, 'Donald', 'Cruz', 'Dermatologist', 8),
(3, 'Katherine', 'Montgomery', 'Radiologist', 7),
(4, 'Brittney', 'Myers', 'Pediatrician', 3),
(5, 'Alyssa', 'Cook', 'Oncologist', 5),
(6, 'River', 'Vasquez', 'Psychiatrist', 12),
(7, 'Kyle', 'Santiago', 'Oncologist', 5),
(8, 'Julie', 'Franklin', 'Psychiatrist', 12),
(9, 'Roger', 'Warren', 'Oncologist', 5),
(10, 'Rita', 'Brooks', 'Urologist', 11),
(11, 'Josephine', 'Ray', 'Neurologist', 2),
(12, 'Emma', 'Morrison', 'Urologist', 11),
(13, 'Sarah', 'Stewart', 'Neurologist', 2),
(14, 'John', 'Cunningham', 'Pediatrician', 3),
(15, 'Kelly', 'Wheeler', 'Gastroenterologist', 9),
(16, 'Mateo', 'Weaver', 'Emergency Physician', 6),
(17, 'Christian', 'Grant', 'Neurologist', 2),
(18, 'Justin', 'Peters', 'Pediatrician', 3),
(19, 'Preston', 'Olson', 'Orthopedic Surgeon', 4),
(20, 'Stephen', 'Lee', 'Oncologist', 5),
(21, 'Vivian', 'Ward', 'Dermatologist', 8),
(22, 'Gavin', 'Campbell', 'Gastroenterologist', 9),
(23, 'Charles', 'Aguilar', 'Dermatologist', 8),
(24, 'Allison', 'Gonzalez', 'Emergency Physician', 6),
(25, 'Jordan', 'Diaz', 'Dermatologist', 8),
(26, 'Erica', 'Schmidt', 'Dermatologist', 8),
(27, 'Paula', 'Evans', 'Urologist', 11),
(28, 'Steven', 'Owens', 'Orthopedic Surgeon', 4),
(29, 'Jonah', 'Crawford', 'Radiologist', 7),
(30, 'Rose', 'Mason', 'Gastroenterologist', 9),
(31, 'David', 'Ford', 'Dermatologist', 8),
(32, 'Gertrude', 'Castro', 'Dermatologist', 8),
(33, 'Raymond', 'Rice', 'Orthopedic Surgeon', 4),
(34, 'Kimberly', 'Lawson', 'Psychiatrist', 12),
(35, 'Leilani', 'Hunter', 'Oncologist', 5),
(36, 'Robert', 'Rivera', 'Urologist', 11),
(37, 'Jacob', 'Powell', 'Orthopedic Surgeon', 4),
(38, 'Paul', 'Gonzales', 'Orthopedic Surgeon', 4),
(39, 'Eliana', 'Freeman', 'Dermatologist', 8),
(40, 'Kevin', 'Santos', 'Cardiologist', 1),
(41, 'Ralph', 'Herrera', 'Dermatologist', 8),
(42, 'Jessica', 'Kennedy', 'Gastroenterologist', 9),
(43, 'Amy', 'Wong', 'Orthopedic Surgeon', 4),
(44, 'Hudson', 'Wood', 'Orthopedic Surgeon', 4),
(45, 'Dawn', 'Castillo', 'Gastroenterologist', 9),
(46, 'Caleb', 'Vazquez', 'Psychiatrist', 12),
(47, 'Piper', 'Black', 'Cardiologist', 1),
(48, 'Grayson', 'Sanders', 'Radiologist', 7),
(49, 'Frank', 'Sullivan', 'Radiologist', 7),
(50, 'Christina', 'Miller', 'Urologist', 11);


INSERT INTO "patients" ("id", "first_name", "last_name", "phone", "birth_date") VALUES
(1, 'Ann', 'Ross', '(540) 439-4445', '2023-09-06'),
(2, 'Amber', 'Herrera', '(757) 485-0311', '1970-02-21'),
(3, 'Jordan', 'Willis', '(951) 580-8262', '2005-04-14'),
(4, 'Bethany', 'Newman', '(212) 988-6237', '1999-04-12'),
(5, 'Mason', 'Kelley', '(904) 290-9493', '2004-07-01'),
(6, 'Skylar', 'Sanders', '(208) 410-4319', '1943-01-08'),
(7, 'Victor', 'Adams', '(810) 995-7407', '1946-02-09'),
(8, 'Elliott', 'Andrews', '(410) 903-9222', '2008-08-05'),
(9, 'Rita', 'Carroll', '(714) 463-4309', '1938-08-13'),
(10, 'Phyllis', 'George', '(208) 798-8128', '1945-01-01'),
(11, 'Emily', 'Butler', '(479) 699-5745', '2008-03-27'),
(12, 'Max', 'Cruz', '(310) 448-4302', '1943-11-11'),
(13, 'Sara', 'Johnson', '(714) 555-0512', '2020-12-03'),
(14, 'Chase', 'Carlson', '(804) 467-3272', '1971-06-24'),
(15, 'David', 'Cox', '(214) 322-5141', '1982-10-08'),
(16, 'Milo', 'Gardner', '(202) 622-4231', '2015-12-15'),
(17, 'Edna', 'Bradley', '(562) 542-0822', '1976-10-03'),
(18, 'Paisley', 'Sullivan', '(267) 410-8925', '2014-10-28'),
(19, 'Delilah', 'Ray', '(202) 443-3757', '1959-12-14'),
(20, 'Judy', 'Evans', '(765) 699-4021', '2011-08-15'),
(21, 'Georgia', 'Bishop', '(678) 632-8147', '1987-04-17'),
(22, 'Joyce', 'Cook', '(205) 275-7205', '2003-10-06'),
(23, 'Madeline', 'Weaver', '(910) 813-4112', '2002-05-15'),
(24, 'Reagan', 'Clark', '(319) 898-6276', '1941-08-09'),
(25, 'Jerry', 'Payne', '(954) 716-7981', '1960-05-04'),
(26, 'Ethan', 'Knight', '(309) 823-0371', '2008-11-02'),
(27, 'Tyler', 'Hill', '(989) 729-8210', '2004-08-14'),
(28, 'Dean', 'Lopez', '(913) 481-4857', '1968-09-24'),
(29, 'Dorothy', 'Li', '(504) 454-3483', '2016-09-19'),
(30, 'Frances', 'Mills', '(405) 608-0093', '1966-07-07'),
(31, 'Elena', 'Nichols', '(678) 532-5329', '2019-11-17'),
(32, 'Joanne', 'Moreno', '(225) 822-4047', '1967-06-01'),
(33, 'Greyson', 'Patterson', '(719) 632-8880', '1942-03-24'),
(34, 'Edward', 'Perez', '(845) 923-1520', '2005-06-21'),
(35, 'Marcus', 'Sanchez', '(214) 206-9359', '1933-06-02'),
(36, 'Shannon', 'Riley', '(786) 780-0671', '2002-05-15'),
(37, 'Lincoln', 'Olson', '(229) 817-6681', '1970-03-18'),
(38, 'Beckett', 'Mendoza', '(713) 346-5767', '1973-06-11'),
(39, 'Kaden', 'Hanson', '(646) 691-5560', '1998-09-05'),
(40, 'Vivian', 'Hughes', '(337) 762-0297', '1935-05-25'),
(41, 'Alice', 'Simpson', '(304) 673-0397', '2025-01-05'),
(42, 'Dylan', 'Cole', '(480) 648-5699', '1974-07-18'),
(43, 'Maxwell', 'Ortiz', '(513) 776-2826', '2005-02-01'),
(44, 'Melanie', 'Duncan', '(617) 851-9149', '1950-07-12'),
(45, 'Jean', 'Vargas', '(402) 496-2283', '2017-03-16'),
(46, 'Cynthia', 'Parker', '(630) 634-3400', '1937-02-09'),
(47, 'Erin', 'Alvarez', '(408) 729-0112', '1938-07-04'),
(48, 'Alyssa', 'Watson', '(786) 983-0660', '1995-03-01'),
(49, 'Jacob', 'Ellis', '(334) 283-2577', '1932-01-01'),
(50, 'Jonah', 'Jackson', '(361) 603-1064', '2017-10-02'),
(51, 'Randy', 'Fisher', '(501) 507-7857', '1936-01-22'),
(52, 'Grayson', 'Marshall', '(253) 775-1874', '1974-08-12'),
(53, 'Jeffrey', 'Shaw', '(423) 301-6478', '2000-11-19'),
(54, 'Rhonda', 'Pena', '(304) 260-8260', '1989-12-05'),
(55, 'Miles', 'Chambers', '(719) 212-5851', '2018-01-09'),
(56, 'Jaxon', 'Martinez', '(713) 664-1559', '1981-04-16'),
(57, 'Maya', 'Washington', '(212) 281-8588', '2025-08-17'),
(58, 'Alice', 'Perkins', '(559) 466-6636', '1986-03-13'),
(59, 'Gladys', 'Morgan', '(702) 641-9802', '1986-04-12'),
(60, 'Audrey', 'Kennedy', '(512) 740-4955', '2001-09-26'),
(61, 'Annie', 'Martin', '(303) 699-8793', '1986-01-08'),
(62, 'Elijah', 'Pierce', '(213) 520-3212', '2020-07-09'),
(63, 'Scarlett', 'Le', '(904) 288-5013', '1962-08-07'),
(64, 'Peyton', 'Johnston', '(562) 524-4806', '1963-07-12'),
(65, 'Elizabeth', 'Hernandes', '(317) 984-3522', '1973-09-16'),
(66, 'Aaron', 'Garza', '(786) 281-4718', '2010-08-05'),
(67, 'Ellie', 'Vazquez', '(786) 594-6989', '1977-10-21'),
(68, 'Gavin', 'Gilbert', '(304) 571-5441', '1988-10-09'),
(69, 'Carl', 'Taylor', '(480) 517-2112', '1996-08-20'),
(70, 'Cameron', 'Wells', '(251) 390-2226', '1958-01-06'),
(71, 'Taylor', 'Vega', '(910) 539-8665', '1980-07-09'),
(72, 'Bruce', 'Armstrong', '(404) 542-8136', '2014-03-25'),
(73, 'Griffin', 'Reynolds', '(253) 637-1973', '1966-11-17'),
(74, 'Valentina', 'Delgado', '(408) 970-3665', '1991-10-07'),
(75, 'Joseph', 'Silva', '(816) 742-3844', '1957-01-04'),
(76, 'Diana', 'Austin', '(469) 242-7852', '1994-06-15'),
(77, 'Janet', 'Wong', '(717) 397-9687', '2007-11-01'),
(78, 'Eugene', 'Alvarado', '(304) 521-3461', '1969-01-03'),
(79, 'Landon', 'Carr', '(813) 267-2882', '2015-10-28'),
(80, 'Sheryl', 'Reed', '(225) 334-6182', '2022-05-04'),
(81, 'Molly', 'Jordan', '(415) 337-3882', '1994-05-01'),
(82, 'Terry', 'Hamilton', '(214) 597-4611', '2007-01-24'),
(83, 'Richard', 'Contreras', '(585) 881-5405', '1993-01-15'),
(84, 'Katherine', 'Woods', '(973) 557-0664', '2001-06-03'),
(85, 'Sydney', 'Phillips', '(901) 982-4385', '1981-01-07'),
(86, 'Bradley', 'Montgomery', '(337) 536-3617', '2024-02-23'),
(87, 'Kimberly', 'Simmons', '(405) 287-3057', '1967-05-10'),
(88, 'Walter', 'Rios', '(412) 989-3467', '1983-12-27'),
(89, 'Marie', 'Ryan', '(330) 248-0623', '1944-12-17'),
(90, 'Andrew', 'Maldonado', '(419) 266-8115', '1970-03-15'),
(91, 'Arthur', 'Soto', '(817) 736-8584', '1951-02-07'),
(92, 'Dana', 'Rodriguez', '(786) 923-9649', '1991-04-23'),
(93, 'Gabriel', 'Howell', '(334) 726-3519', '1986-10-14'),
(94, 'Cole', 'Romero', '(202) 775-9092', '2026-03-26'),
(95, 'Hazel', 'Harvey', '(281) 472-3545', '1982-11-04'),
(96, 'Jayden', 'King', '(510) 339-7935', '1985-01-05'),
(97, 'Jason', 'Stewart', '(682) 736-4116', '2004-09-23'),
(98, 'Charlotte', 'Elliott', '(386) 968-8953', '1955-12-10'),
(99, 'Ian', 'Goodwin', '(303) 328-9426', '1943-06-20'),
(100, 'Jacqueline', 'Green', '(605) 989-4401', '1973-09-01'),
(101, 'Caleb', 'Sandoval', '(480) 648-8279', '1983-07-27'),
(102, 'Eric', 'Scott', '(540) 722-4103', '1972-11-11'),
(103, 'Gerald', 'Hunt', '(704) 374-9483', '2011-08-09'),
(104, 'Sean', 'Singh', '(801) 587-7774', '2024-07-10'),
(105, 'Weston', 'Wilson', '(323) 684-3185', '2021-09-21'),
(106, 'Susan', 'Campbell', '(415) 978-2503', '2015-05-11'),
(107, 'Ellen', 'Howard', '(203) 843-8707', '1990-08-16'),
(108, 'Kylie', 'Burke', '(941) 691-1591', '2015-12-01'),
(109, 'George', 'Henderson', '(702) 337-2626', '2026-02-17'),
(110, 'Madison', 'Sims', '(352) 657-9418', '1944-03-04'),
(111, 'Kristin', 'Graham', '(563) 329-5735', '2004-02-02'),
(112, 'Maddox', 'Brown', '(559) 896-1081', '1992-09-20'),
(113, 'Larry', 'Boyd', '(919) 427-3352', '1990-05-01'),
(114, 'Eli', 'Manning', '(501) 829-5579', '1988-06-10'),
(115, 'Levi', 'Rice', '(718) 645-5144', '1988-12-04'),
(116, 'Donna', 'Harper', '(702) 707-1787', '2016-03-07'),
(117, 'John', 'Torres', '(805) 751-5356', '1949-02-05'),
(118, 'Karen', 'Ferguson', '(763) 560-3007', '1984-11-27'),
(119, 'Mia', 'Lawson', '(903) 734-2794', '1980-07-17'),
(120, 'Brianna', 'Tucker', '(702) 923-0791', '1981-10-26'),
(121, 'Faith', 'Hawkins', '(713) 459-0567', '1969-08-15'),
(122, 'Austin', 'Thompson', '(205) 870-8574', '1974-11-22'),
(123, 'Rowan', 'Lewis', '(941) 585-9904', '1989-10-25'),
(124, 'Samantha', 'Gonzalez', '(218) 860-4991', '2025-07-25'),
(125, 'Joan', 'Murray', '(254) 463-5715', '2006-12-21'),
(126, 'Everett', 'Webb', '(817) 746-7932', '2018-04-23'),
(127, 'Axel', 'Cooper', '(205) 574-1014', '1960-04-22'),
(128, 'Mariah', 'James', '(920) 759-5647', '2006-01-08'),
(129, 'Carter', 'Peterson', '(217) 492-6102', '2025-12-06'),
(130, 'Benjamin', 'Henry', '(915) 767-3991', '1982-11-09'),
(131, 'Anthony', 'French', '(757) 747-8660', '1991-05-25'),
(132, 'Theo', 'Wood', '(941) 998-9640', '2018-05-10'),
(133, 'Alexa', 'Matthews', '(678) 616-4542', '2020-01-20'),
(134, 'Christine', 'Dean', '(971) 696-4129', '2002-02-05'),
(135, 'Cassandra', 'Gutierrez', '(205) 567-1571', '2009-09-13'),
(136, 'Hunter', 'Gomez', '(405) 832-9599', '1975-06-06'),
(137, 'Peggy', 'Zimmerman', '(678) 313-3160', '1933-09-27'),
(138, 'Blake', 'Black', '(212) 736-1697', '2012-02-14'),
(139, 'Hudson', 'Porter', '(503) 531-8417', '1979-01-21'),
(140, 'Brooklyn', 'Rogers', '(859) 605-1480', '1941-02-03'),
(141, 'Hannah', 'Mitchell', '(954) 392-5794', '1987-12-12'),
(142, 'Everly', 'Lane', '(979) 717-2451', '1973-02-08'),
(143, 'Janice', 'Lynch', '(716) 686-0530', '1977-08-08'),
(144, 'Eliana', 'Myers', '(850) 405-4997', '1946-12-09'),
(145, 'Chelsea', 'O''Brien', '(312) 987-7981', '1972-07-06'),
(146, 'Roman', 'Watkins', '(734) 584-4081', '1999-09-01'),
(147, 'Harold', 'Harrison', '(239) 443-3455', '2018-11-13'),
(148, 'Bonnie', 'Fox', '(717) 323-6482', '2024-12-18'),
(149, 'Joshua', 'Santiago', '(512) 543-8677', '1986-07-16'),
(150, 'Norma', 'Cunningham', '(678) 550-7215', '1964-11-10'),
(151, 'Lawrence', 'Wheeler', '(347) 719-5292', '1964-03-15'),
(152, 'April', 'Lawrence', '(501) 951-0959', '1955-05-10'),
(153, 'Jeremy', 'Long', '(214) 385-8283', '1968-12-27'),
(154, 'Spencer', 'Chavez', '(515) 586-9557', '1997-03-03'),
(155, 'Mark', 'Ramirez', '(281) 632-2088', '2011-10-18'),
(156, 'Rebecca', 'Perry', '(917) 476-2271', '1980-10-09'),
(157, 'Alan', 'Holmes', '(520) 841-4525', '2017-02-15'),
(158, 'James', 'Nunez', '(253) 443-3075', '1983-09-01'),
(159, 'Hugo', 'Larson', '(806) 396-4616', '1954-09-12'),
(160, 'Victoria', 'Griffin', '(402) 343-3586', '2002-03-02'),
(161, 'Bernice', 'Kelly', '(915) 285-7988', '1945-01-04'),
(162, 'Cassie', 'Lee', '(617) 281-3205', '1985-04-26'),
(163, 'Lucas', 'Miller', '(407) 433-9770', '1995-01-18'),
(164, 'Brody', 'Morales', '(713) 243-5871', '1949-07-09'),
(165, 'Scott', 'Ward', '(203) 962-3943', '1934-10-02'),
(166, 'Jonathan', 'Williams', '(843) 654-3644', '1942-08-10'),
(167, 'Robert', 'Vasquez', '(803) 565-9621', '1981-04-07'),
(168, 'Isaac', 'Gonzales', '(813) 695-1045', '1980-10-28'),
(169, 'Xavier', 'Hicks', '(240) 416-7129', '1994-05-17'),
(170, 'Luna', 'West', '(812) 708-7549', '1994-08-12'),
(171, 'Bryan', 'Estrada', '(806) 362-3527', '1995-10-01'),
(172, 'Alexander', 'Richardson', '(850) 216-3373', '1993-02-07'),
(173, 'Jose', 'Rose', '(215) 434-7612', '1985-12-17'),
(174, 'Owen', 'Hall', '(561) 362-0706', '1931-05-21'),
(175, 'Ezra', 'Jones', '(918) 893-7918', '1962-08-26'),
(176, 'Leo', 'Hudson', '(719) 719-8757', '1940-02-14'),
(177, 'Helen', 'Ortega', '(630) 848-8232', '2006-06-09'),
(178, 'Kingston', 'Nelson', '(253) 592-3597', '2016-06-25'),
(179, 'Lydia', 'Walsh', '(601) 847-7126', '1968-11-25'),
(180, 'Kevin', 'Romero', '(818) 364-7410', '2011-11-07'),
(181, 'Martha', 'Richards', '(601) 335-2621', '1989-02-15'),
(182, 'Julie', 'Owens', '(817) 977-1842', '1978-06-14'),
(183, 'Wendy', 'Espinoza', '(520) 668-1965', '2005-04-25'),
(184, 'Felix', 'Coleman', '(239) 726-3696', '1969-05-23'),
(185, 'Donald', 'Williamson', '(713) 965-6540', '1937-07-12'),
(186, 'Silas', 'Alexander', '(256) 408-7238', '1999-06-05'),
(187, 'Christina', 'Carpenter', '(423) 526-0081', '1989-03-14'),
(188, 'Connor', 'Kim', '(585) 433-9865', '2006-03-23'),
(189, 'River', 'Hale', '(203) 472-8644', '2014-10-24'),
(190, 'Easton', 'Schmidt', '(716) 489-0584', '1968-09-07'),
(191, 'Carson', 'Greene', '(512) 783-2963', '2026-08-22'),
(192, 'Sofia', 'Franklin', '(314) 516-4135', '1932-04-21'),
(193, 'Tucker', 'Collins', '(847) 713-6958', '2014-10-06'),
(194, 'Roy', 'Bell', '(303) 840-6311', '1996-08-25'),
(195, 'Calvin', 'Stephens', '(602) 681-7018', '1972-02-16'),
(196, 'Ronald', 'Medina', '(239) 575-0509', '1946-12-26'),
(197, 'Justin', 'Wright', '(602) 668-8503', '1991-10-11'),
(198, 'Kenneth', 'Warren', '(706) 906-3529', '1987-01-22'),
(199, 'Anita', 'Robinson', '(919) 935-0333', '1982-07-13'),
(200, 'Dennis', 'Ramos', '(317) 964-2982', '1987-01-21'),
(201, 'Wesley', 'Robertson', '(651) 945-2414', '2000-04-08'),
(202, 'Russell', 'Chen', '(505) 838-4202', '1999-06-14'),
(203, 'Doreen', 'Mason', '(315) 340-5028', '1959-07-24'),
(204, 'Becky', 'Price', '(646) 483-3770', '2018-08-16'),
(205, 'Leilani', 'Snyder', '(234) 964-0731', '2026-11-11'),
(206, 'Emma', 'Nguyen', '(415) 860-9742', '2021-12-25'),
(207, 'Kelly', 'Roberts', '(702) 373-8597', '2023-10-03'),
(208, 'Whitney', 'Bennett', '(720) 519-2249', '1949-08-14'),
(209, 'Grace', 'Rivera', '(916) 902-5334', '1976-02-28'),
(210, 'Jasper', 'Morris', '(661) 324-8478', '1982-06-21'),
(211, 'Tiffany', 'Allen', '(504) 332-4184', '1986-04-25'),
(212, 'Henry', 'Munoz', '(915) 640-8409', '1993-03-15'),
(213, 'Tristan', 'Bailey', '(201) 482-6692', '2006-06-25'),
(214, 'Liam', 'Gordon', '(530) 683-5401', '2003-05-02'),
(215, 'Jace', 'Moore', '(304) 362-2122', '2008-03-19'),
(216, 'Ruby', 'Castro', '(808) 317-8452', '2022-11-15'),
(217, 'Jesse', 'Edwards', '(317) 202-8193', '1994-02-26'),
(218, 'Mateo', 'Ruiz', '(716) 645-4715', '1972-03-26'),
(219, 'Abigail', 'Murphy', '(443) 618-6951', '1962-02-21'),
(220, 'Nolan', 'Jimenez', '(301) 538-8981', '1990-10-22'),
(221, 'Hayden', 'Diaz', '(804) 817-4594', '1948-01-28'),
(222, 'Lincoln', 'Anderson', '(502) 517-5472', '1939-10-07'),
(223, 'Olivia', 'White', '(617) 245-7103', '1976-07-24'),
(224, 'Kathleen', 'Aguilar', '(303) 461-1011', '2021-10-18'),
(225, 'Ashton', 'McCoy', '(602) 867-7796', '1998-06-12'),
(226, 'Philip', 'Jacobs', '(207) 590-9067', '2022-02-12'),
(227, 'Kelsey', 'Reyes', '(408) 557-1723', '2012-02-11'),
(228, 'Angela', 'Hunter', '(616) 833-6694', '1943-01-19'),
(229, 'Gail', 'Meyer', '(202) 718-4420', '2004-06-16'),
(230, 'Brittney', 'Dixon', '(205) 638-9216', '1959-04-08'),
(231, 'Bentley', 'Jacobs', '(413) 632-2168', '1995-06-08'),
(232, 'Preston', 'Jensen', '(763) 354-0677', '1986-08-01'),
(233, 'Savannah', 'Parsons', '(812) 726-4616', '1977-12-21'),
(234, 'Lily', 'Burns', '(732) 431-7841', '1983-03-08'),
(235, 'Michelle', 'Carter', '(203) 461-9060', '1995-04-14'),
(236, 'Raymond', 'Jenkins', '(818) 795-9066', '1959-01-27'),
(237, 'Wanda', 'Daniels', '(570) 410-3125', '1967-05-14'),
(238, 'Josiah', 'Ford', '(605) 528-9277', '1995-05-01'),
(239, 'Keith', 'Bryant', '(916) 871-0416', '2006-12-05'),
(240, 'Sarah', 'Dunn', '(571) 567-3660', '2021-12-22'),
(241, 'Tammy', 'Garcia', '(612) 374-4844', '1995-01-03'),
(242, 'Oliver', 'Gray', '(760) 996-5997', '1999-10-26'),
(243, 'Katelyn', 'Stevens', '(212) 819-6693', '2006-09-21'),
(244, 'Wesley', 'Wagner', '(360) 246-5362', '2020-11-01'),
(245, 'Paige', 'Barnes', '(830) 300-4402', '1990-03-09'),
(246, 'Johnny', 'Powell', '(305) 400-8124', '1982-08-09'),
(247, 'Juan', 'Tran', '(325) 417-3616', '2015-03-26'),
(248, 'Carrie', 'Wallace', '(813) 535-1924', '1999-12-07'),
(249, 'Colton', 'Dominguez', '(804) 331-5325', '1985-06-16'),
(250, 'Nathan', 'Grant', '(949) 840-1933', '1944-07-27'),
(251, 'Sebastian', 'Guzman', '(510) 356-1928', '1999-06-08'),
(252, 'Madelyn', 'Morrison', '(571) 615-2932', '1967-11-14'),
(253, 'Ivy', 'Flores', '(904) 678-0504', '1981-10-22'),
(254, 'Jackson', 'Sutton', '(651) 851-9156', '1978-03-23'),
(255, 'Kaitlyn', 'Young', '(901) 455-3985', '1970-08-05'),
(256, 'Regina', 'Crawford', '(936) 525-8366', '1987-01-02'),
(257, 'Gary', 'Walker', '(269) 354-6881', '2000-02-26'),
(258, 'Kennedy', 'Turner', '(205) 572-4823', '2000-04-22'),
(259, 'Louise', 'Mendez', '(505) 751-8965', '2017-08-18'),
(260, 'Isabella', 'Thomas', '(317) 259-3058', '1999-04-25'),
(261, 'Kaiden', 'Valdez', '(508) 231-2471', '1982-12-20'),
(262, 'Declan', 'Arnold', '(562) 819-7032', '1993-10-04'),
(263, 'Cooper', 'Figueroa', '(941) 286-6078', '1944-05-05'),
(264, 'Sawyer', 'McDonald', '(435) 951-5563', '1997-08-02'),
(265, 'Ella', 'Chapman', '(619) 952-7934', '1994-12-13'),
(266, 'Stephen', 'Santos', '(253) 998-9073', '2011-08-28'),
(267, 'Damian', 'Davis', '(412) 201-1188', '1938-12-09'),
(268, 'William', 'Castillo', '(712) 619-3808', '2012-12-02'),
(269, 'Adrian', 'Patel', '(202) 391-5216', '2004-07-08'),
(270, 'Albert', 'Baker', '(712) 268-5697', '1944-11-12'),
(271, 'Christopher', 'Fernandez', '(330) 204-1915', '1988-12-18'),
(272, 'Josephine', 'Berry', '(512) 283-9657', '1962-08-21'),
(273, 'Bailey', 'Stone', '(206) 453-6843', '1979-12-09'),
(274, 'Thomas', 'Foster', '(502) 543-6993', '1944-05-21'),
(275, 'Erica', 'Hernandez', '(404) 522-7939', '1933-04-14'),
(276, 'Deborah', 'Peters', '(702) 536-8622', '1945-07-13'),
(277, 'Jocelyn', 'Palmer', '(212) 892-1763', '1932-06-22'),
(278, 'Gianna', 'Salazar', '(714) 275-0281', '2008-04-09'),
(279, 'Lucille', 'Hoffman', '(806) 602-2962', '2002-06-12'),
(280, 'Naomi', 'Spencer', '(513) 434-7950', '1961-07-11'),
(281, 'Emilia', 'Brooks', '(215) 574-6185', '1950-01-18'),
(282, 'Betty', 'Freeman', '(682) 469-6322', '1953-07-03'),
(283, 'Gregory', 'Oliver', '(608) 783-1702', '2021-05-07'),
(284, 'Dominic', 'Gibson', '(573) 322-4837', '2002-02-01'),
(285, 'Lucy', 'Hayes', '(941) 832-3707', '2015-12-12'),
(286, 'Natalie', 'Smith', '(909) 937-0693', '1999-08-08'),
(287, 'Ryder', 'Harris', '(928) 601-1021', '2009-08-12'),
(288, 'Evelyn', 'Hart', '(801) 762-6536', '2026-11-01'),
(289, 'Brian', 'Russell', '(936) 595-1761', '1991-11-26'),
(290, 'Frank', 'Guerrero', '(971) 761-2257', '1994-02-21'),
(291, 'Vanessa', 'Hansen', '(718) 237-0857', '1955-01-15'),
(292, 'Pamela', 'Reid', '(918) 535-1261', '1950-01-28'),
(293, 'Willie', 'Elliott', '(602) 880-5953', '1952-06-23'),
(294, 'Paul', 'Hill', '(434) 957-5533', '1975-11-02'),
(295, 'Joe', 'Rios', '(614) 744-0384', '1973-05-06'),
(296, 'Melissa', 'Hanson', '(786) 593-3680', '1974-03-18'),
(297, 'Vincent', 'Austin', '(313) 582-8958', '1992-05-25'),
(298, 'Theresa', 'Henderson', '(616) 757-4904', '1970-10-21'),
(299, 'Matthew', 'Singh', '(619) 353-3593', '2013-10-07'),
(300, 'Bennett', 'Li', '(214) 491-0959', '2024-09-17'),
(301, 'Daniel', 'Torres', '(206) 296-9166', '1955-05-02'),
(302, 'Lillian', 'Wilson', '(915) 657-9915', '1996-07-19'),
(303, 'Nicholas', 'Robinson', '(919) 613-2196', '2000-01-11'),
(304, 'Louis', 'Mason', '(315) 789-5086', '1943-06-06'),
(305, 'Jamie', 'Olson', '(303) 443-3926', '1989-06-02'),
(306, 'Gertrude', 'Hicks', '(702) 606-5074', '1978-09-22'),
(307, 'Ryker', 'Mendez', '(216) 705-7240', '2000-12-01'),
(308, 'Zachary', 'Carr', '(323) 924-4909', '2019-03-27'),
(309, 'Natalia', 'Reynolds', '(832) 267-8647', '1951-04-24'),
(310, 'Aiden', 'Lawson', '(646) 346-3753', '1965-07-19'),
(311, 'Brenda', 'Morales', '(650) 895-1026', '2007-11-22'),
(312, 'Maverick', 'Phillips', '(518) 985-1929', '1987-09-21'),
(313, 'Brooke', 'Nunez', '(757) 465-5015', '1941-09-02'),
(314, 'Bryson', 'Ortiz', '(360) 861-8225', '1986-10-01'),
(315, 'Micah', 'Ferguson', '(512) 850-2207', '1982-09-17'),
(316, 'Linda', 'Adams', '(603) 499-1811', '1950-05-04'),
(317, 'Cheryl', 'Romero', '(301) 433-9804', '1982-01-04'),
(318, 'Ralph', 'Campbell', '(540) 248-4649', '1972-08-03'),
(319, 'Ezekiel', 'Jordan', '(989) 750-3984', '2006-06-01'),
(320, 'Audrey', 'Martinez', '(304) 644-4864', '2010-08-20'),
(321, 'Anna', 'Dominguez', '(419) 485-6808', '2024-03-15'),
(322, 'Dawn', 'Anderson', '(865) 463-9341', '1987-12-13'),
(323, 'Gabriella', 'Herrera', '(518) 507-3577', '1951-11-16'),
(324, 'Eleanor', 'Kelley', '(812) 292-4755', '1946-04-28'),
(325, 'Luke', 'Coleman', '(704) 293-6972', '1959-11-15'),
(326, 'Zoe', 'White', '(773) 795-6232', '1943-09-04'),
(327, 'Denise', 'Castillo', '(972) 835-7387', '2008-05-08'),
(328, 'Maria', 'Hayes', '(415) 319-8661', '2008-12-11'),
(329, 'Emmett', 'Berry', '(440) 854-0873', '1968-11-28'),
(330, 'Eva', 'McDonald', '(716) 618-6697', '1982-11-24'),
(331, 'Brayden', 'Harper', '(904) 989-8103', '1956-03-26'),
(332, 'Gage', 'Sims', '(360) 697-9810', '2002-10-17'),
(333, 'Ryan', 'Stone', '(586) 744-3217', '1970-05-20'),
(334, 'Billy', 'Moore', '(720) 800-1216', '2020-12-22'),
(335, 'Harrison', 'Washington', '(414) 640-5558', '2012-08-15'),
(336, 'Oscar', 'Taylor', '(304) 898-2032', '1962-05-09'),
(337, 'Peter', 'Howell', '(916) 207-6762', '2010-10-24'),
(338, 'Catherine', 'French', '(305) 491-7361', '1978-10-04'),
(339, 'Elaine', 'Peters', '(336) 267-5522', '1971-12-07'),
(340, 'Michael', 'Tucker', '(218) 422-9556', '2002-07-07'),
(341, 'Teresa', 'Morrison', '(815) 798-3595', '2001-05-07'),
(342, 'Asher', 'Manning', '(304) 789-7586', '1991-02-27'),
(343, 'Jude', 'Williams', '(615) 202-3801', '1961-06-13'),
(344, 'Ariana', 'Ramos', '(916) 786-0386', '1946-01-20'),
(345, 'Hazel', 'Ross', '(972) 984-6918', '1957-08-17'),
(346, 'Timothy', 'Armstrong', '(801) 337-2164', '1955-10-18'),
(347, 'Stephanie', 'Sullivan', '(918) 821-2415', '1968-06-08'),
(348, 'Addison', 'Lopez', '(727) 691-2644', '1961-05-17'),
(349, 'Evan', 'Daniels', '(757) 756-2434', '1955-08-28'),
(350, 'Jack', 'Parker', '(360) 806-9740', '2002-03-24'),
(351, 'Leslie', 'Morris', '(212) 888-7718', '1996-05-08'),
(352, 'Noah', 'Young', '(702) 468-1511', '1963-11-15'),
(353, 'Kristen', 'Sandoval', '(702) 318-8844', '1975-12-03'),
(354, 'Debra', 'Lewis', '(210) 657-9521', '1987-10-21'),
(355, 'Judith', 'Riley', '(202) 615-7870', '1971-01-28'),
(356, 'Parker', 'Shaw', '(574) 982-1730', '1939-03-05'),
(357, 'Alexis', 'Vazquez', '(212) 895-9062', '1982-02-06'),
(358, 'Samuel', 'Spencer', '(605) 782-8333', '1982-07-14'),
(359, 'Margaret', 'Soto', '(423) 407-4686', '2014-03-07'),
(360, 'Christian', 'Jimenez', '(251) 209-0747', '2008-09-27'),
(361, 'Douglas', 'Matthews', '(502) 914-2512', '2000-03-20'),
(362, 'Morgan', 'Santiago', '(801) 528-3604', '2022-12-18'),
(363, 'Wayne', 'Williamson', '(720) 678-8887', '1972-12-18'),
(364, 'Valerie', 'Thomas', '(810) 589-9282', '1965-10-16'),
(365, 'Kyle', 'Gordon', '(317) 282-7546', '1988-08-22'),
(366, 'Connie', 'Valdez', '(626) 784-3022', '1971-01-19'),
(367, 'Oliver', 'Mitchell', '(402) 915-1744', '1994-06-10'),
(368, 'Lisa', 'Cox', '(260) 695-0187', '2001-08-01'),
(369, 'Wyatt', 'Long', '(850) 763-7849', '1962-04-03'),
(370, 'Bobby', 'Gardner', '(225) 830-5587', '1973-08-13'),
(371, 'Nora', 'Munoz', '(404) 757-6502', '2000-09-15'),
(372, 'Patrick', 'Hoffman', '(949) 760-3435', '1937-08-28'),
(373, 'Steven', 'Burke', '(201) 620-1523', '1965-03-12'),
(374, 'Brandon', 'Santos', '(206) 754-1729', '1997-02-16'),
(375, 'Kathryn', 'Palmer', '(636) 582-7507', '1994-03-14'),
(376, 'Adam', 'Griffin', '(504) 880-9715', '1980-09-07'),
(377, 'Roger', 'Wagner', '(330) 540-0072', '1964-03-02'),
(378, 'Charles', 'Simmons', '(405) 408-9559', '2008-04-02'),
(379, 'Penelope', 'Parsons', '(202) 735-1348', '1959-09-20'),
(380, 'Logan', 'Gonzalez', '(609) 258-3806', '2019-10-22'),
(381, 'Amanda', 'Vasquez', '(760) 323-5231', '1961-07-27'),
(382, 'Theodore', 'Green', '(561) 262-4455', '1999-01-13'),
(383, 'Rachel', 'Knight', '(409) 287-6289', '1998-09-14'),
(384, 'Sandra', 'Clark', '(918) 920-9659', '1980-04-22'),
(385, 'Nicole', 'Dunn', '(203) 703-1924', '2017-04-04'),
(386, 'Joe', 'Delgado', '(505) 457-7810', '2022-12-22'),
(387, 'Chloe', 'Wallace', '(512) 597-2057', '1984-07-27'),
(388, 'Riley', 'Black', '(917) 453-6740', '1933-01-26'),
(389, 'Evan', 'Lee', '(917) 933-5839', '1951-06-10'),
(390, 'Serenity', 'Crawford', '(818) 548-8846', '1970-09-19'),
(391, 'Holly', 'Gomez', '(215) 517-5527', '2008-12-11'),
(392, 'Katie', 'Lane', '(706) 253-2556', '1986-02-14'),
(393, 'Rose', 'Jackson', '(650) 802-5313', '1973-01-25'),
(394, 'Ezekiel', 'Porter', '(352) 692-5659', '2003-06-16'),
(395, 'Claire', 'Russell', '(212) 682-6739', '2009-12-18'),
(396, 'Meredith', 'Tran', '(336) 417-7985', '1989-11-06'),
(397, 'Danielle', 'Gonzales', '(408) 308-5341', '1977-09-18'),
(398, 'Roman', 'Thompson', '(484) 510-8677', '1964-11-25'),
(399, 'Irene', 'Schmidt', '(334) 537-4842', '2002-05-12'),
(400, 'Ryan', 'Reed', '(212) 984-7926', '1942-04-22'),
(401, 'Hunter', 'Le', '(503) 830-7447', '1993-12-11'),
(402, 'Diane', 'Marshall', '(907) 443-8105', '1986-03-23'),
(403, 'Jayden', 'Butler', '(509) 598-8276', '2018-09-25'),
(404, 'Arianna', 'Smith', '(918) 768-5710', '2007-05-10'),
(405, 'Alan', 'Alvarado', '(414) 929-3370', '1997-06-12'),
(406, 'Allison', 'Sanchez', '(727) 786-5491', '1963-01-12'),
(407, 'Beckett', 'Cunningham', '(801) 372-9487', '1954-10-21'),
(408, 'Layla', 'Jones', '(617) 503-5894', '1946-06-02'),
(409, 'James', 'Wood', '(212) 534-4692', '1998-05-13'),
(410, 'Courtney', 'Pena', '(952) 945-2419', '2021-01-04'),
(411, 'Scott', 'Kim', '(304) 430-9116', '1939-03-19'),
(412, 'Adam', 'Castro', '(239) 505-9921', '1983-08-16'),
(413, 'Sophia', 'Meyer', '(806) 459-2979', '1976-09-27'),
(414, 'Brandy', 'Rivera', '(970) 586-1644', '1975-10-03'),
(415, 'Thelma', 'McCoy', '(213) 791-9526', '1942-04-26'),
(416, 'Leah', 'Stephens', '(520) 624-6972', '1989-03-06'),
(417, 'Sean', 'Davis', '(646) 491-4087', '1973-12-17'),
(418, 'Jenna', 'Alexander', '(202) 578-0450', '1998-11-09'),
(419, 'Julia', 'Chambers', '(919) 416-6114', '1968-12-17'),
(420, 'Jerry', 'Gray', '(703) 940-2353', '1968-08-16'),
(421, 'Damian', 'Hansen', '(336) 707-6857', '1997-07-13'),
(422, 'Lawrence', 'Bell', '(503) 952-8484', '1982-03-10'),
(423, 'Daniel', 'Hunter', '(915) 802-4255', '1978-08-03'),
(424, 'Richard', 'Perry', '(719) 486-0028', '1964-04-18'),
(425, 'Keith', 'Cruz', '(571) 940-5853', '1977-11-06'),
(426, 'Walter', 'Aguilar', '(312) 475-0025', '1991-06-15'),
(427, 'Wesley', 'Reyes', '(432) 994-9883', '1954-09-07'),
(428, 'Emma', 'Montgomery', '(336) 357-3666', '2017-08-05'),
(429, 'Timothy', 'Nichols', '(412) 208-4794', '2023-09-02'),
(430, 'Tucker', 'Hudson', '(716) 565-3266', '1996-03-28'),
(431, 'Aiden', 'Fox', '(408) 870-2003', '1976-03-06'),
(432, 'Alicia', 'Johnston', '(831) 376-2200', '2023-06-13'),
(433, 'Beverly', 'Burns', '(610) 985-9435', '1979-11-14'),
(434, 'Mary', 'Wells', '(916) 321-2365', '1931-10-12'),
(435, 'Jonathan', 'Freeman', '(610) 744-9971', '1974-05-26'),
(436, 'Bruce', 'Walker', '(504) 856-1569', '1954-12-14'),
(437, 'Jasmine', 'Roberts', '(480) 591-0845', '1931-06-23'),
(438, 'Raymond', 'Greene', '(585) 722-3692', '1934-05-17'),
(439, 'Piper', 'Payne', '(513) 350-9594', '2014-05-06'),
(440, 'Hayden', 'West', '(417) 466-0979', '1941-05-09'),
(441, 'Leo', 'Morgan', '(330) 305-3055', '1979-01-02'),
(442, 'Hailey', 'Harris', '(334) 641-6977', '2023-01-01'),
(443, 'Maverick', 'Jacobs', '(202) 488-5010', '1963-08-19'),
(444, 'Jace', 'Wheeler', '(512) 540-4489', '1999-10-13'),
(445, 'Laurie', 'Hunt', '(412) 890-3007', '2015-11-12'),
(446, 'Carolyn', 'Bailey', '(801) 262-5670', '2013-11-06'),
(447, 'Robert', 'Simpson', '(330) 207-9013', '1969-10-17'),
(448, 'Amy', 'Patterson', '(510) 348-2442', '1957-02-18'),
(449, 'Isabelle', 'Nguyen', '(661) 773-5602', '1986-08-20'),
(450, 'Greyson', 'Henry', '(316) 639-9179', '2011-07-18'),
(451, 'Willie', 'Ruiz', '(315) 933-7204', '2011-11-19'),
(452, 'Autumn', 'Webb', '(509) 376-9640', '1951-12-03'),
(453, 'Ava', 'Fisher', '(205) 941-5223', '1979-01-17'),
(454, 'Ruby', 'Hamilton', '(850) 741-8610', '1932-05-14'),
(455, 'Tristan', 'Newman', '(336) 919-2532', '2001-08-23'),
(456, 'Makayla', 'Myers', '(334) 652-0785', '1974-04-08'),
(457, 'Nina', 'Edwards', '(651) 291-6665', '2005-09-22'),
(458, 'Albert', 'Owens', '(478) 908-5124', '1961-03-24'),
(459, 'Veronica', 'Cook', '(907) 908-8110', '2005-11-05'),
(460, 'Ashley', 'Stewart', '(303) 719-3631', '1997-04-18'),
(461, 'Aria', 'Flores', '(860) 572-9748', '1963-04-20'),
(462, 'Asher', 'Richardson', '(704) 406-7310', '1942-03-28'),
(463, 'Philip', 'Hernandes', '(903) 301-1220', '2011-09-10'),
(464, 'Patricia', 'Garza', '(323) 690-5761', '1999-09-19'),
(465, 'Trinity', 'Goodwin', '(860) 798-6739', '2007-11-06'),
(466, 'Heather', 'Carroll', '(915) 456-3735', '2012-08-20'),
(467, 'Pauline', 'Johnson', '(212) 832-3252', '1969-05-15'),
(468, 'Avery', 'Sanders', '(828) 370-7112', '1973-02-03'),
(469, 'Brittany', 'Fernandez', '(772) 476-7633', '2009-06-28'),
(470, 'Brian', 'Maldonado', '(361) 282-8091', '1991-02-02'),
(471, 'Zachary', 'George', '(714) 881-0882', '2013-06-09'),
(472, 'Florence', 'Franklin', '(808) 797-9645', '2008-10-17'),
(473, 'Lori', 'Snyder', '(415) 830-1309', '2004-05-11'),
(474, 'Theo', 'Boyd', '(405) 483-7596', '1973-03-25'),
(475, 'Adalynn', 'Hawkins', '(913) 645-8850', '1979-09-19'),
(476, 'Eric', 'Rose', '(210) 516-4325', '2007-03-09'),
(477, 'Paul', 'Peterson', '(303) 871-6332', '1932-06-08'),
(478, 'River', 'Wong', '(816) 602-1918', '1937-01-03'),
(479, 'Christopher', 'Zimmerman', '(713) 578-9070', '1950-02-15'),
(480, 'Miles', 'Bryant', '(941) 803-5188', '1997-10-27'),
(481, 'Kyle', 'Mills', '(225) 264-9014', '1989-09-18'),
(482, 'Emery', 'Ray', '(775) 494-9412', '1963-05-01'),
(483, 'Colton', 'Nelson', '(518) 542-7051', '1996-07-21'),
(484, 'Cooper', 'Hughes', '(484) 491-6864', '1945-06-03'),
(485, 'Crystal', 'Foster', '(503) 277-8016', '2001-09-26'),
(486, 'Mildred', 'Allen', '(864) 973-2908', '2007-08-06'),
(487, 'Oliver', 'Moreno', '(202) 982-7535', '1966-01-19'),
(488, 'Laura', 'Woods', '(404) 975-2778', '1980-08-17'),
(489, 'Cole', 'Vargas', '(702) 846-3173', '1962-10-13'),
(490, 'Andrea', 'Dixon', '(253) 249-6318', '1983-06-04'),
(491, 'Bentley', 'Bradley', '(602) 620-8222', '2019-08-10'),
(492, 'Owen', 'Diaz', '(913) 590-0051', '1995-01-16'),
(493, 'Jill', 'Hall', '(704) 583-7288', '1984-06-27'),
(494, 'Josephine', 'Murray', '(909) 350-6787', '1958-03-08'),
(495, 'Roy', 'Barnes', '(612) 417-9097', '1949-04-22'),
(496, 'Connor', 'Contreras', '(516) 740-0241', '1992-04-10'),
(497, 'Lillian', 'Cole', '(813) 968-7530', '1982-06-19'),
(498, 'Lois', 'Scott', '(786) 205-0777', '1981-08-16'),
(499, 'Shirley', 'Watson', '(432) 313-1033', '1986-06-19'),
(500, 'Kayla', 'Jacobs', '(614) 761-3201', '1960-02-14');


-- cte з union all об'єднує прийоми за 2025 і 2026 рік
with all_appointments as (
    select * from appointments
    where appoint_date >= '2026-01-01'
    union all
    select * from appointments
    where appoint_date >= '2025-01-01' and appoint_date < '2026-01-01')
--завершені прийоми з усіх 5 таблиць
select d.first_name || ' ' || d.last_name as doctor, dep.name_department, p.first_name || ' ' || p.last_name as patient,
di.diagnosis_name, count(*) as total_appointments
from all_appointments a
join doctors d on a.doctor_id = d.id
join departments dep on d.department_id = dep.id
join patients p on a.patient_id = p.id
join diagnoses di on di.appoint_id = a.id
where a.status = 'Completed'
group by d.first_name, d.last_name, dep.name_department, p.first_name, p.last_name, di.diagnosis_name
order by doctor;

